Order_ID,Date,Product,City,Customer_ID,Quantity,Price,Discount,Category,Sales,Profit,Month
10001,2026-01-01 00:00:00.000000000,Keyboard,Jaipur,C0099,4,50000,5,Accessories,190000.0,29461.98,1
10002,2026-01-01 02:52:54.916611074,Mouse,Delhi,C0375,5,1000,0,Accessories,5000.0,1203.24,1
10003,2026-01-01 05:45:49.833222148,Headphones,Jaipur,C0073,2,50000,0,Accessories,100000.0,10407.39,1
10004,2026-01-01 08:38:44.749833222,Mouse,Mumbai,C0122,1,5000,0,Accessories,5000.0,946.41,1
10005,2026-01-01 11:31:39.666444296,Mouse,Lucknow,C0030,3,50000,15,Accessories,127500.0,18479.42,1
10006,2026-01-01 14:24:34.583055370,Mobile,Jaipur,C0188,5,5000,15,Electronics,21250.0,5156.49,1
10007,2026-01-01 17:17:29.499666444,Headphones,Lucknow,C0364,2,50000,5,Accessories,95000.0,12929.09,1
10008,2026-01-01 20:10:24.416277518,Headphones,Delhi,C0354,4,1000,0,Accessories,4000.0,974.29,1
10009,2026-01-01 23:03:19.332888592,Headphones,Lucknow,C0288,2,5000,0,Accessories,10000.0,2332.53,1
10010,2026-01-02 01:56:14.249499666,Mouse,Delhi,C0195,5,500,20,Accessories,2000.0,251.93,1
10011,2026-01-02 04:49:09.166110740,Keyboard,Mumbai,C0156,5,5000,20,Accessories,20000.0,4332.04,1
10012,2026-01-02 07:42:04.082721814,Headphones,Delhi,C0172,2,1000,5,Accessories,1900.0,473.58,1
10013,2026-01-02 10:34:58.999332888,Mouse,Delhi,C0335,4,5000,0,Accessories,20000.0,2459.05,1
10014,2026-01-02 13:27:53.915943962,Mobile,Bangalore,C0041,2,50000,5,Electronics,95000.0,14653.95,1
10015,2026-01-02 16:20:48.832555036,Keyboard,Jaipur,C0063,5,50000,20,Accessories,200000.0,33686.15,1
10016,2026-01-02 19:13:43.749166110,Mobile,Jaipur,C0023,5,1000,20,Electronics,4000.0,520.55,1
10017,2026-01-02 22:06:38.665777184,Keyboard,Mumbai,C0360,3,1500,15,Accessories,3825.0,315.93,1
10018,2026-01-03 00:59:33.582388258,Mouse,Mumbai,C0075,3,50000,5,Accessories,142500.0,16732.63,1
10019,2026-01-03 03:52:28.498999332,Laptop,Jaipur,C0048,1,500,5,Electronics,475.0,60.77,1
10020,2026-01-03 06:45:23.415610406,Keyboard,Bangalore,C0160,5,1000,0,Accessories,5000.0,777.06,1
10021,2026-01-03 09:38:18.332221480,Mobile,Jaipur,C0313,3,5000,0,Electronics,15000.0,1636.31,1
10022,2026-01-03 12:31:13.248832555,Mouse,Bangalore,C0118,2,5000,15,Accessories,8500.0,1941.85,1
10023,2026-01-03 15:24:08.165443629,Keyboard,Mumbai,C0100,4,500,10,Accessories,1800.0,359.7,1
10024,2026-01-03 18:17:03.082054703,Laptop,Lucknow,C0380,2,50000,10,Electronics,90000.0,8503.57,1
10025,2026-01-03 21:09:57.998665777,Laptop,Mumbai,C0167,4,1000,10,Electronics,3600.0,685.86,1
10026,2026-01-04 00:02:52.915276851,Headphones,Mumbai,C0290,3,500,5,Accessories,1425.0,272.35,1
10027,2026-01-04 02:55:47.831887925,Headphones,Delhi,C0156,1,50000,5,Accessories,47500.0,11521.49,1
10028,2026-01-04 05:48:42.748498999,Mobile,Delhi,C0007,2,1000,20,Electronics,1600.0,128.82,1
10029,2026-01-04 08:41:37.665110073,Keyboard,Delhi,C0196,2,5000,5,Accessories,9500.0,1160.41,1
10030,2026-01-04 11:34:32.581721147,Keyboard,Delhi,C0056,2,1000,5,Accessories,1900.0,451.68,1
10031,2026-01-04 14:27:27.498332221,Headphones,Bangalore,C0321,4,1500,5,Accessories,5700.0,1359.24,1
10032,2026-01-04 17:20:22.414943295,Keyboard,Jaipur,C0193,3,1000,15,Accessories,2550.0,516.37,1
10033,2026-01-04 20:13:17.331554369,Keyboard,Lucknow,C0047,2,1500,5,Accessories,2850.0,599.01,1
10034,2026-01-04 23:06:12.248165443,Laptop,Mumbai,C0148,2,1000,0,Electronics,2000.0,191.1,1
10035,2026-01-05 01:59:07.164776517,Headphones,Bangalore,C0275,1,1500,0,Accessories,1500.0,251.04,1
10036,2026-01-05 04:52:02.081387591,Mouse,Lucknow,C0157,1,5000,20,Accessories,4000.0,477.48,1
10037,2026-01-05 07:44:56.997998665,Headphones,Bangalore,C0202,3,50000,15,Accessories,127500.0,14127.9,1
10038,2026-01-05 10:37:51.914609739,Mouse,Bangalore,C0126,3,1500,0,Accessories,4500.0,979.88,1
10039,2026-01-05 13:30:46.831220813,Laptop,Mumbai,C0395,5,1500,15,Electronics,6375.0,656.35,1
10040,2026-01-05 16:23:41.747831887,Mobile,Jaipur,C0305,1,5000,15,Electronics,4250.0,678.6,1
10041,2026-01-05 19:16:36.664442961,Keyboard,Delhi,C0369,5,1500,20,Accessories,6000.0,1437.35,1
10042,2026-01-05 22:09:31.581054036,Laptop,Jaipur,C0294,4,500,15,Electronics,1700.0,189.71,1
10043,2026-01-06 01:02:26.497665110,Keyboard,Mumbai,C0064,5,5000,5,Accessories,23750.0,5848.65,1
10044,2026-01-06 03:55:21.414276184,Mobile,Mumbai,C0325,2,500,15,Electronics,850.0,211.67,1
10045,2026-01-06 06:48:16.330887258,Mobile,Mumbai,C0392,5,5000,20,Electronics,20000.0,3489.1,1
10046,2026-01-06 09:41:11.247498332,Laptop,Lucknow,C0176,3,1500,20,Electronics,3600.0,392.13,1
10047,2026-01-06 12:34:06.164109406,Mobile,Jaipur,C0116,4,500,20,Electronics,1600.0,213.98,1
10048,2026-01-06 15:27:01.080720480,Mouse,Jaipur,C0204,2,1500,0,Accessories,3000.0,456.49,1
10049,2026-01-06 18:19:55.997331554,Mobile,Bangalore,C0321,5,5000,5,Electronics,23750.0,3148.9,1
10050,2026-01-06 21:12:50.913942628,Keyboard,Bangalore,C0031,4,1500,0,Accessories,6000.0,766.25,1
10051,2026-01-07 00:05:45.830553702,Keyboard,Bangalore,C0388,4,500,10,Accessories,1800.0,441.5,1
10052,2026-01-07 02:58:40.747164776,Keyboard,Mumbai,C0113,2,500,5,Accessories,950.0,100.77,1
10053,2026-01-07 05:51:35.663775850,Keyboard,Jaipur,C0365,5,1500,15,Accessories,6375.0,1304.74,1
10054,2026-01-07 08:44:30.580386924,Mouse,Mumbai,C0325,4,1000,20,Accessories,3200.0,256.22,1
10055,2026-01-07 11:37:25.496997998,Headphones,Lucknow,C0376,4,5000,10,Accessories,18000.0,3264.32,1
10056,2026-01-07 14:30:20.413609072,Laptop,Bangalore,C0344,1,5000,5,Electronics,4750.0,1119.62,1
10057,2026-01-07 17:23:15.330220146,Keyboard,Mumbai,C0067,4,1500,0,Accessories,6000.0,773.69,1
10058,2026-01-07 20:16:10.246831220,Mobile,Mumbai,C0075,1,1000,20,Electronics,800.0,89.23,1
10059,2026-01-07 23:09:05.163442294,Keyboard,Lucknow,C0045,5,500,0,Accessories,2500.0,476.96,1
10060,2026-01-08 02:02:00.080053368,Mobile,Delhi,C0260,5,50000,5,Electronics,237500.0,47771.28,1
10061,2026-01-08 04:54:54.996664442,Mobile,Jaipur,C0154,5,50000,5,Electronics,237500.0,46779.23,1
10062,2026-01-08 07:47:49.913275517,Keyboard,Delhi,C0155,3,1500,10,Accessories,4050.0,543.85,1
10063,2026-01-08 10:40:44.829886591,Mouse,Bangalore,C0363,5,1000,15,Accessories,4250.0,522.22,1
10064,2026-01-08 13:33:39.746497665,Mobile,Mumbai,C0234,4,1000,0,Electronics,4000.0,970.02,1
10065,2026-01-08 16:26:34.663108739,Mobile,Lucknow,C0051,2,5000,10,Electronics,9000.0,2132.65,1
10066,2026-01-08 19:19:29.579719813,Keyboard,Lucknow,C0306,1,500,20,Accessories,400.0,63.1,1
10067,2026-01-08 22:12:24.496330887,Mobile,Jaipur,C0262,3,1000,15,Electronics,2550.0,570.83,1
10068,2026-01-09 01:05:19.412941961,Mobile,Delhi,C0315,5,50000,10,Electronics,225000.0,35301.37,1
10069,2026-01-09 03:58:14.329553035,Keyboard,Jaipur,C0125,5,500,0,Accessories,2500.0,380.37,1
10070,2026-01-09 06:51:09.246164109,Keyboard,Mumbai,C0399,2,500,5,Accessories,950.0,101.32,1
10071,2026-01-09 09:44:04.162775183,Laptop,Jaipur,C0245,2,1500,20,Electronics,2400.0,365.97,1
10072,2026-01-09 12:36:59.079386257,Mouse,Lucknow,C0030,3,1000,0,Accessories,3000.0,514.08,1
10073,2026-01-09 15:29:53.995997331,Mouse,Lucknow,C0122,1,1500,15,Accessories,1275.0,106.88,1
10074,2026-01-09 18:22:48.912608405,Mobile,Bangalore,C0125,5,1000,15,Electronics,4250.0,660.87,1
10075,2026-01-09 21:15:43.829219479,Mouse,Bangalore,C0037,3,5000,5,Accessories,14250.0,3032.84,1
10076,2026-01-10 00:08:38.745830553,Mobile,Mumbai,C0170,4,1500,5,Electronics,5700.0,1114.96,1
10077,2026-01-10 03:01:33.662441627,Laptop,Delhi,C0124,4,1500,20,Electronics,4800.0,902.29,1
10078,2026-01-10 05:54:28.579052701,Keyboard,Jaipur,C0357,3,50000,20,Accessories,120000.0,28154.93,1
10079,2026-01-10 08:47:23.495663775,Keyboard,Mumbai,C0035,5,1500,5,Accessories,7125.0,591.84,1
10080,2026-01-10 11:40:18.412274849,Keyboard,Bangalore,C0087,3,1000,5,Accessories,2850.0,497.89,1
10081,2026-01-10 14:33:13.328885923,Mouse,Jaipur,C0134,5,50000,15,Accessories,212500.0,45442.98,1
10082,2026-01-10 17:26:08.245496998,Laptop,Bangalore,C0196,2,1500,5,Electronics,2850.0,490.28,1
10083,2026-01-10 20:19:03.162108072,Mouse,Jaipur,C0274,3,1500,10,Accessories,4050.0,547.0,1
10084,2026-01-10 23:11:58.078719146,Mouse,Delhi,C0201,5,5000,0,Accessories,25000.0,2579.06,1
10085,2026-01-11 02:04:52.995330220,Laptop,Mumbai,C0369,3,1500,5,Electronics,4275.0,987.04,1
10086,2026-01-11 04:57:47.911941294,Laptop,Jaipur,C0285,3,500,20,Electronics,1200.0,192.04,1
10087,2026-01-11 07:50:42.828552368,Laptop,Lucknow,C0077,5,50000,10,Electronics,225000.0,51587.91,1
10088,2026-01-11 10:43:37.745163442,Laptop,Lucknow,C0059,5,500,20,Electronics,2000.0,359.19,1
10089,2026-01-11 13:36:32.661774516,Keyboard,Jaipur,C0126,1,50000,10,Accessories,45000.0,8757.57,1
10090,2026-01-11 16:29:27.578385590,Headphones,Jaipur,C0109,3,5000,5,Accessories,14250.0,3088.32,1
10091,2026-01-11 19:22:22.494996664,Headphones,Jaipur,C0224,4,1500,0,Accessories,6000.0,1152.34,1
10092,2026-01-11 22:15:17.411607738,Laptop,Lucknow,C0278,3,1500,20,Electronics,3600.0,531.61,1
10093,2026-01-12 01:08:12.328218812,Headphones,Lucknow,C0068,3,1500,10,Accessories,4050.0,677.64,1
10094,2026-01-12 04:01:07.244829886,Headphones,Jaipur,C0069,5,50000,15,Accessories,212500.0,46010.02,1
10095,2026-01-12 06:54:02.161440960,Laptop,Bangalore,C0165,3,1500,5,Electronics,4275.0,613.55,1
10096,2026-01-12 09:46:57.078052034,Headphones,Bangalore,C0305,3,500,0,Accessories,1500.0,218.97,1
10097,2026-01-12 12:39:51.994663108,Mouse,Delhi,C0397,4,1500,5,Accessories,5700.0,548.72,1
10098,2026-01-12 15:32:46.911274182,Mobile,Mumbai,C0162,5,5000,15,Electronics,21250.0,5003.94,1
10099,2026-01-12 18:25:41.827885256,Mobile,Bangalore,C0365,3,500,0,Electronics,1500.0,143.21,1
10100,2026-01-12 21:18:36.744496330,Laptop,Lucknow,C0342,2,1500,15,Electronics,2550.0,485.0,1
10101,2026-01-13 00:11:31.661107404,Keyboard,Bangalore,C0309,1,1500,5,Accessories,1425.0,214.1,1
10102,2026-01-13 03:04:26.577718478,Laptop,Delhi,C0379,4,1000,10,Electronics,3600.0,536.24,1
10103,2026-01-13 05:57:21.494329553,Keyboard,Delhi,C0343,3,50000,5,Accessories,142500.0,27862.14,1
10104,2026-01-13 08:50:16.410940627,Mobile,Mumbai,C0387,2,500,5,Electronics,950.0,86.84,1
10105,2026-01-13 11:43:11.327551701,Laptop,Bangalore,C0042,3,1000,5,Electronics,2850.0,515.65,1
10106,2026-01-13 14:36:06.244162775,Mouse,Lucknow,C0354,3,5000,20,Accessories,12000.0,2534.94,1
10107,2026-01-13 17:29:01.160773849,Headphones,Lucknow,C0109,5,50000,15,Accessories,212500.0,46919.19,1
10108,2026-01-13 20:21:56.077384923,Keyboard,Jaipur,C0051,5,500,15,Accessories,2125.0,231.6,1
10109,2026-01-13 23:14:50.993995997,Headphones,Lucknow,C0250,5,1500,15,Accessories,6375.0,1482.58,1
10110,2026-01-14 02:07:45.910607071,Headphones,Mumbai,C0341,2,500,20,Accessories,800.0,153.24,1
10111,2026-01-14 05:00:40.827218145,Laptop,Mumbai,C0383,3,1500,10,Electronics,4050.0,931.16,1
10112,2026-01-14 07:53:35.743829219,Headphones,Lucknow,C0021,1,50000,5,Accessories,47500.0,7718.64,1
10113,2026-01-14 10:46:30.660440293,Mouse,Lucknow,C0300,4,1500,10,Accessories,5400.0,929.59,1
10114,2026-01-14 13:39:25.577051367,Headphones,Jaipur,C0139,5,5000,20,Accessories,20000.0,4724.73,1
10115,2026-01-14 16:32:20.493662441,Laptop,Lucknow,C0359,5,1500,15,Electronics,6375.0,1485.28,1
10116,2026-01-14 19:25:15.410273515,Mouse,Jaipur,C0324,3,5000,5,Accessories,14250.0,2225.67,1
10117,2026-01-14 22:18:10.326884589,Mobile,Jaipur,C0385,3,50000,0,Electronics,150000.0,18997.52,1
10118,2026-01-15 01:11:05.243495663,Headphones,Lucknow,C0092,2,50000,0,Accessories,100000.0,14683.9,1
10119,2026-01-15 04:04:00.160106737,Laptop,Delhi,C0280,2,500,10,Electronics,900.0,131.33,1
10120,2026-01-15 06:56:55.076717811,Mobile,Delhi,C0125,5,5000,15,Electronics,21250.0,2736.31,1
10121,2026-01-15 09:49:49.993328885,Mobile,Jaipur,C0397,3,5000,0,Electronics,15000.0,1884.88,1
10122,2026-01-15 12:42:44.909939960,Keyboard,Lucknow,C0111,1,1000,10,Accessories,900.0,203.74,1
10123,2026-01-15 15:35:39.826551034,Mouse,Delhi,C0354,4,1000,20,Accessories,3200.0,294.0,1
10124,2026-01-15 18:28:34.743162108,Headphones,Lucknow,C0139,3,1000,10,Accessories,2700.0,527.02,1
10125,2026-01-15 21:21:29.659773182,Laptop,Lucknow,C0273,3,1500,10,Electronics,4050.0,442.99,1
10126,2026-01-16 00:14:24.576384256,Keyboard,Lucknow,C0099,2,1000,10,Accessories,1800.0,249.42,1
10127,2026-01-16 03:07:19.492995330,Mouse,Bangalore,C0252,4,5000,5,Accessories,19000.0,1718.78,1
10128,2026-01-16 06:00:14.409606404,Keyboard,Lucknow,C0338,5,1500,10,Accessories,6750.0,849.79,1
10129,2026-01-16 08:53:09.326217478,Mouse,Bangalore,C0104,3,50000,10,Accessories,135000.0,28435.26,1
10130,2026-01-16 11:46:04.242828552,Mouse,Jaipur,C0214,5,500,5,Accessories,2375.0,547.32,1
10131,2026-01-16 14:38:59.159439626,Headphones,Delhi,C0249,3,1000,5,Accessories,2850.0,335.33,1
10132,2026-01-16 17:31:54.076050700,Mouse,Delhi,C0152,5,50000,20,Accessories,200000.0,31760.63,1
10133,2026-01-16 20:24:48.992661774,Keyboard,Delhi,C0250,4,5000,15,Accessories,17000.0,2719.24,1
10134,2026-01-16 23:17:43.909272848,Mouse,Delhi,C0275,2,500,0,Accessories,1000.0,228.51,1
10135,2026-01-17 02:10:38.825883922,Headphones,Delhi,C0165,4,50000,0,Accessories,200000.0,41935.17,1
10136,2026-01-17 05:03:33.742494996,Headphones,Delhi,C0341,1,500,10,Accessories,450.0,75.25,1
10137,2026-01-17 07:56:28.659106070,Keyboard,Delhi,C0008,2,1000,20,Accessories,1600.0,310.44,1
10138,2026-01-17 10:49:23.575717144,Mobile,Jaipur,C0284,4,5000,10,Electronics,18000.0,4032.91,1
10139,2026-01-17 13:42:18.492328218,Mobile,Lucknow,C0005,1,500,0,Electronics,500.0,40.81,1
10140,2026-01-17 16:35:13.408939292,Mouse,Mumbai,C0145,3,50000,5,Accessories,142500.0,21160.01,1
10141,2026-01-17 19:28:08.325550366,Laptop,Bangalore,C0101,3,1000,15,Electronics,2550.0,597.29,1
10142,2026-01-17 22:21:03.242161441,Mouse,Mumbai,C0164,5,1000,20,Accessories,4000.0,823.41,1
10143,2026-01-18 01:13:58.158772515,Keyboard,Mumbai,C0374,2,50000,5,Accessories,95000.0,16366.89,1
10144,2026-01-18 04:06:53.075383589,Keyboard,Lucknow,C0147,3,50000,15,Accessories,127500.0,21680.05,1
10145,2026-01-18 06:59:47.991994663,Keyboard,Lucknow,C0064,2,500,20,Accessories,800.0,111.3,1
10146,2026-01-18 09:52:42.908605737,Keyboard,Lucknow,C0091,3,1500,20,Accessories,3600.0,606.56,1
10147,2026-01-18 12:45:37.825216811,Keyboard,Delhi,C0117,5,1000,0,Accessories,5000.0,957.08,1
10148,2026-01-18 15:38:32.741827885,Headphones,Jaipur,C0354,4,500,5,Accessories,1900.0,287.13,1
10149,2026-01-18 18:31:27.658438959,Mobile,Delhi,C0267,5,50000,20,Electronics,200000.0,40281.21,1
10150,2026-01-18 21:24:22.575050033,Keyboard,Jaipur,C0310,1,500,20,Accessories,400.0,90.56,1
10151,2026-01-19 00:17:17.491661107,Laptop,Jaipur,C0173,3,50000,15,Electronics,127500.0,13552.79,1
10152,2026-01-19 03:10:12.408272181,Laptop,Mumbai,C0047,1,5000,0,Electronics,5000.0,783.81,1
10153,2026-01-19 06:03:07.324883255,Laptop,Mumbai,C0140,1,50000,10,Electronics,45000.0,6721.35,1
10154,2026-01-19 08:56:02.241494329,Laptop,Jaipur,C0246,2,50000,0,Electronics,100000.0,19686.9,1
10155,2026-01-19 11:48:57.158105403,Headphones,Jaipur,C0149,3,50000,10,Accessories,135000.0,16534.46,1
10156,2026-01-19 14:41:52.074716477,Laptop,Delhi,C0246,1,1500,5,Electronics,1425.0,269.1,1
10157,2026-01-19 17:34:46.991327551,Keyboard,Delhi,C0395,4,50000,5,Accessories,190000.0,43542.9,1
10158,2026-01-19 20:27:41.907938625,Mouse,Mumbai,C0005,1,1000,20,Accessories,800.0,120.87,1
10159,2026-01-19 23:20:36.824549699,Laptop,Lucknow,C0184,4,1000,5,Electronics,3800.0,892.52,1
10160,2026-01-20 02:13:31.741160773,Headphones,Jaipur,C0020,2,500,20,Accessories,800.0,199.07,1
10161,2026-01-20 05:06:26.657771847,Headphones,Delhi,C0046,1,1500,0,Accessories,1500.0,147.05,1
10162,2026-01-20 07:59:21.574382921,Laptop,Mumbai,C0012,5,500,5,Electronics,2375.0,284.1,1
10163,2026-01-20 10:52:16.490993996,Mouse,Delhi,C0070,2,1000,0,Accessories,2000.0,483.13,1
10164,2026-01-20 13:45:11.407605070,Laptop,Jaipur,C0017,4,1000,0,Electronics,4000.0,971.66,1
10165,2026-01-20 16:38:06.324216144,Headphones,Jaipur,C0371,2,5000,5,Accessories,9500.0,917.8,1
10166,2026-01-20 19:31:01.240827218,Mobile,Bangalore,C0147,1,50000,0,Electronics,50000.0,4127.49,1
10167,2026-01-20 22:23:56.157438292,Keyboard,Lucknow,C0154,3,1000,5,Accessories,2850.0,306.05,1
10168,2026-01-21 01:16:51.074049366,Headphones,Bangalore,C0304,3,500,5,Accessories,1425.0,355.28,1
10169,2026-01-21 04:09:45.990660440,Laptop,Mumbai,C0108,4,500,5,Electronics,1900.0,210.14,1
10170,2026-01-21 07:02:40.907271514,Keyboard,Delhi,C0236,4,50000,10,Accessories,180000.0,29777.96,1
10171,2026-01-21 09:55:35.823882588,Laptop,Mumbai,C0308,3,50000,0,Electronics,150000.0,33634.65,1
10172,2026-01-21 12:48:30.740493662,Laptop,Jaipur,C0352,4,5000,15,Electronics,17000.0,1418.96,1
10173,2026-01-21 15:41:25.657104736,Mobile,Bangalore,C0070,2,1500,5,Electronics,2850.0,520.87,1
10174,2026-01-21 18:34:20.573715810,Keyboard,Bangalore,C0183,5,500,0,Accessories,2500.0,317.74,1
10175,2026-01-21 21:27:15.490326884,Keyboard,Bangalore,C0250,5,50000,20,Accessories,200000.0,45319.39,1
10176,2026-01-22 00:20:10.406937958,Mobile,Mumbai,C0228,2,500,5,Electronics,950.0,121.78,1
10177,2026-01-22 03:13:05.323549032,Headphones,Jaipur,C0102,5,50000,5,Accessories,237500.0,46727.76,1
10178,2026-01-22 06:06:00.240160106,Laptop,Delhi,C0075,1,1000,15,Electronics,850.0,165.42,1
10179,2026-01-22 08:58:55.156771180,Mouse,Delhi,C0216,2,500,10,Accessories,900.0,105.89,1
10180,2026-01-22 11:51:50.073382254,Laptop,Mumbai,C0399,4,1000,10,Electronics,3600.0,309.3,1
10181,2026-01-22 14:44:44.989993328,Laptop,Bangalore,C0203,2,500,5,Electronics,950.0,142.09,1
10182,2026-01-22 17:37:39.906604402,Headphones,Lucknow,C0192,3,1500,0,Accessories,4500.0,581.23,1
10183,2026-01-22 20:30:34.823215477,Laptop,Mumbai,C0249,4,5000,20,Electronics,16000.0,3480.42,1
10184,2026-01-22 23:23:29.739826551,Mobile,Mumbai,C0242,3,1000,20,Electronics,2400.0,518.55,1
10185,2026-01-23 02:16:24.656437625,Mobile,Jaipur,C0179,4,50000,0,Electronics,200000.0,31538.81,1
10186,2026-01-23 05:09:19.573048699,Keyboard,Delhi,C0219,5,1500,5,Accessories,7125.0,1304.64,1
10187,2026-01-23 08:02:14.489659773,Mouse,Mumbai,C0082,2,500,20,Accessories,800.0,146.18,1
10188,2026-01-23 10:55:09.406270847,Laptop,Mumbai,C0092,1,1000,10,Electronics,900.0,198.56,1
10189,2026-01-23 13:48:04.322881921,Laptop,Bangalore,C0175,4,500,0,Electronics,2000.0,304.5,1
10190,2026-01-23 16:40:59.239492995,Headphones,Bangalore,C0239,4,500,15,Accessories,1700.0,215.6,1
10191,2026-01-23 19:33:54.156104069,Mobile,Lucknow,C0260,3,500,5,Electronics,1425.0,178.2,1
10192,2026-01-23 22:26:49.072715143,Mouse,Jaipur,C0391,5,5000,0,Accessories,25000.0,4278.82,1
10193,2026-01-24 01:19:43.989326217,Keyboard,Lucknow,C0365,3,5000,20,Accessories,12000.0,1876.26,1
10194,2026-01-24 04:12:38.905937291,Mobile,Bangalore,C0163,3,50000,5,Electronics,142500.0,22061.93,1
10195,2026-01-24 07:05:33.822548365,Keyboard,Delhi,C0048,5,1000,10,Accessories,4500.0,429.72,1
10196,2026-01-24 09:58:28.739159439,Headphones,Bangalore,C0329,1,1500,5,Accessories,1425.0,288.08,1
10197,2026-01-24 12:51:23.655770513,Headphones,Jaipur,C0328,3,1500,5,Accessories,4275.0,497.33,1
10198,2026-01-24 15:44:18.572381587,Laptop,Bangalore,C0116,3,1500,10,Electronics,4050.0,459.6,1
10199,2026-01-24 18:37:13.488992661,Mouse,Jaipur,C0337,4,500,10,Accessories,1800.0,270.3,1
10200,2026-01-24 21:30:08.405603735,Keyboard,Jaipur,C0337,5,5000,5,Accessories,23750.0,2819.66,1
10201,2026-01-25 00:23:03.322214809,Mobile,Jaipur,C0369,2,1000,10,Electronics,1800.0,322.66,1
10202,2026-01-25 03:15:58.238825883,Headphones,Jaipur,C0225,1,500,0,Accessories,500.0,71.57,1
10203,2026-01-25 06:08:53.155436957,Laptop,Jaipur,C0352,1,5000,10,Electronics,4500.0,703.42,1
10204,2026-01-25 09:01:48.072048032,Laptop,Delhi,C0328,5,5000,10,Electronics,22500.0,3854.67,1
10205,2026-01-25 11:54:42.988659106,Keyboard,Lucknow,C0147,4,1000,5,Accessories,3800.0,435.48,1
10206,2026-01-25 14:47:37.905270180,Headphones,Mumbai,C0063,4,1000,0,Accessories,4000.0,425.91,1
10207,2026-01-25 17:40:32.821881254,Mouse,Lucknow,C0294,5,1000,15,Accessories,4250.0,976.1,1
10208,2026-01-25 20:33:27.738492328,Headphones,Jaipur,C0323,4,500,15,Accessories,1700.0,261.35,1
10209,2026-01-25 23:26:22.655103402,Keyboard,Delhi,C0325,1,50000,20,Accessories,40000.0,6002.24,1
10210,2026-01-26 02:19:17.571714476,Keyboard,Bangalore,C0013,1,1000,10,Accessories,900.0,77.45,1
10211,2026-01-26 05:12:12.488325550,Headphones,Delhi,C0189,2,50000,10,Accessories,90000.0,14819.04,1
10212,2026-01-26 08:05:07.404936624,Keyboard,Jaipur,C0287,5,500,0,Accessories,2500.0,435.52,1
10213,2026-01-26 10:58:02.321547698,Headphones,Delhi,C0208,3,50000,15,Accessories,127500.0,22312.88,1
10214,2026-01-26 13:50:57.238158772,Mobile,Delhi,C0114,3,1500,20,Electronics,3600.0,720.7,1
10215,2026-01-26 16:43:52.154769846,Headphones,Jaipur,C0022,2,50000,0,Accessories,100000.0,11017.19,1
10216,2026-01-26 19:36:47.071380920,Headphones,Delhi,C0349,2,1000,10,Accessories,1800.0,221.18,1
10217,2026-01-26 22:29:41.987991994,Keyboard,Mumbai,C0214,4,500,15,Accessories,1700.0,370.3,1
10218,2026-01-27 01:22:36.904603068,Keyboard,Mumbai,C0171,2,1000,20,Accessories,1600.0,385.63,1
10219,2026-01-27 04:15:31.821214142,Laptop,Delhi,C0323,2,1500,5,Electronics,2850.0,293.86,1
10220,2026-01-27 07:08:26.737825216,Laptop,Bangalore,C0054,3,1000,15,Electronics,2550.0,419.73,1
10221,2026-01-27 10:01:21.654436290,Mobile,Jaipur,C0394,4,1000,20,Electronics,3200.0,372.51,1
10222,2026-01-27 12:54:16.571047365,Laptop,Mumbai,C0298,2,1000,0,Electronics,2000.0,180.42,1
10223,2026-01-27 15:47:11.487658439,Headphones,Bangalore,C0320,2,5000,5,Accessories,9500.0,1285.69,1
10224,2026-01-27 18:40:06.404269513,Keyboard,Delhi,C0126,4,1500,20,Accessories,4800.0,501.25,1
10225,2026-01-27 21:33:01.320880587,Laptop,Bangalore,C0277,5,1000,20,Electronics,4000.0,802.75,1
10226,2026-01-28 00:25:56.237491661,Laptop,Lucknow,C0204,4,1000,10,Electronics,3600.0,614.64,1
10227,2026-01-28 03:18:51.154102735,Mobile,Mumbai,C0194,3,1000,15,Electronics,2550.0,266.35,1
10228,2026-01-28 06:11:46.070713809,Mobile,Delhi,C0169,5,500,10,Electronics,2250.0,183.53,1
10229,2026-01-28 09:04:40.987324883,Headphones,Jaipur,C0152,1,5000,5,Accessories,4750.0,1032.59,1
10230,2026-01-28 11:57:35.903935957,Keyboard,Delhi,C0035,4,500,20,Accessories,1600.0,175.92,1
10231,2026-01-28 14:50:30.820547031,Mobile,Jaipur,C0184,3,5000,10,Electronics,13500.0,2471.27,1
10232,2026-01-28 17:43:25.737158105,Laptop,Delhi,C0286,5,1000,15,Electronics,4250.0,583.43,1
10233,2026-01-28 20:36:20.653769179,Keyboard,Bangalore,C0057,4,1500,5,Accessories,5700.0,1023.34,1
10234,2026-01-28 23:29:15.570380253,Keyboard,Bangalore,C0222,2,50000,0,Accessories,100000.0,13366.11,1
10235,2026-01-29 02:22:10.486991327,Laptop,Bangalore,C0303,4,50000,10,Electronics,180000.0,17060.35,1
10236,2026-01-29 05:15:05.403602401,Mobile,Lucknow,C0163,1,1000,5,Electronics,950.0,112.01,1
10237,2026-01-29 08:08:00.320213475,Laptop,Jaipur,C0019,4,500,0,Electronics,2000.0,223.94,1
10238,2026-01-29 11:00:55.236824549,Keyboard,Bangalore,C0370,5,1500,10,Accessories,6750.0,1031.15,1
10239,2026-01-29 13:53:50.153435623,Mouse,Lucknow,C0264,5,5000,5,Accessories,23750.0,4557.82,1
10240,2026-01-29 16:46:45.070046697,Mouse,Jaipur,C0282,4,1000,5,Accessories,3800.0,474.42,1
10241,2026-01-29 19:39:39.986657771,Headphones,Delhi,C0113,5,1500,10,Accessories,6750.0,553.85,1
10242,2026-01-29 22:32:34.903268846,Laptop,Lucknow,C0327,2,1500,5,Electronics,2850.0,479.43,1
10243,2026-01-30 01:25:29.819879920,Laptop,Mumbai,C0030,4,5000,20,Electronics,16000.0,2927.67,1
10244,2026-01-30 04:18:24.736490994,Headphones,Lucknow,C0135,2,1500,10,Accessories,2700.0,657.96,1
10245,2026-01-30 07:11:19.653102068,Headphones,Lucknow,C0067,2,500,5,Accessories,950.0,171.2,1
10246,2026-01-30 10:04:14.569713142,Headphones,Jaipur,C0065,3,500,0,Accessories,1500.0,240.15,1
10247,2026-01-30 12:57:09.486324216,Keyboard,Delhi,C0292,4,500,0,Accessories,2000.0,354.96,1
10248,2026-01-30 15:50:04.402935290,Laptop,Mumbai,C0025,5,1500,20,Electronics,6000.0,1426.46,1
10249,2026-01-30 18:42:59.319546364,Keyboard,Bangalore,C0037,2,500,10,Accessories,900.0,198.74,1
10250,2026-01-30 21:35:54.236157438,Headphones,Bangalore,C0001,3,5000,5,Accessories,14250.0,1922.42,1
10251,2026-01-31 00:28:49.152768512,Laptop,Lucknow,C0399,4,1500,5,Electronics,5700.0,685.9,1
10252,2026-01-31 03:21:44.069379586,Keyboard,Jaipur,C0037,4,50000,0,Accessories,200000.0,24929.54,1
10253,2026-01-31 06:14:38.985990660,Keyboard,Jaipur,C0141,1,1500,20,Accessories,1200.0,198.9,1
10254,2026-01-31 09:07:33.902601734,Headphones,Bangalore,C0232,1,5000,0,Accessories,5000.0,1032.44,1
10255,2026-01-31 12:00:28.819212808,Laptop,Mumbai,C0136,2,50000,0,Electronics,100000.0,16554.73,1
10256,2026-01-31 14:53:23.735823882,Headphones,Delhi,C0389,1,1500,20,Accessories,1200.0,109.83,1
10257,2026-01-31 17:46:18.652434956,Laptop,Mumbai,C0188,2,500,10,Electronics,900.0,182.71,1
10258,2026-01-31 20:39:13.569046030,Mouse,Delhi,C0128,5,1000,5,Accessories,4750.0,1030.82,1
10259,2026-01-31 23:32:08.485657104,Mobile,Bangalore,C0201,2,1000,10,Electronics,1800.0,232.59,1
10260,2026-02-01 02:25:03.402268178,Mobile,Delhi,C0127,1,500,15,Electronics,425.0,81.98,2
10261,2026-02-01 05:17:58.318879252,Mobile,Jaipur,C0257,5,1000,15,Electronics,4250.0,648.21,2
10262,2026-02-01 08:10:53.235490326,Headphones,Lucknow,C0164,1,1000,15,Accessories,850.0,196.48,2
10263,2026-02-01 11:03:48.152101401,Mouse,Lucknow,C0035,2,500,20,Accessories,800.0,178.95,2
10264,2026-02-01 13:56:43.068712475,Laptop,Bangalore,C0194,3,500,0,Electronics,1500.0,253.99,2
10265,2026-02-01 16:49:37.985323549,Keyboard,Jaipur,C0191,4,1500,10,Accessories,5400.0,1066.8,2
10266,2026-02-01 19:42:32.901934623,Laptop,Mumbai,C0104,1,1500,5,Electronics,1425.0,327.99,2
10267,2026-02-01 22:35:27.818545697,Keyboard,Jaipur,C0023,2,500,15,Accessories,850.0,139.63,2
10268,2026-02-02 01:28:22.735156771,Laptop,Lucknow,C0265,5,5000,10,Electronics,22500.0,2998.18,2
10269,2026-02-02 04:21:17.651767845,Mouse,Lucknow,C0290,1,1000,15,Accessories,850.0,176.9,2
10270,2026-02-02 07:14:12.568378919,Keyboard,Jaipur,C0384,1,1500,15,Accessories,1275.0,149.7,2
10271,2026-02-02 10:07:07.484989993,Headphones,Jaipur,C0260,4,1000,5,Accessories,3800.0,554.99,2
10272,2026-02-02 13:00:02.401601067,Laptop,Lucknow,C0358,2,50000,20,Electronics,80000.0,18173.89,2
10273,2026-02-02 15:52:57.318212141,Laptop,Mumbai,C0075,3,500,0,Electronics,1500.0,304.73,2
10274,2026-02-02 18:45:52.234823215,Keyboard,Bangalore,C0355,5,5000,20,Accessories,20000.0,2972.96,2
10275,2026-02-02 21:38:47.151434289,Headphones,Bangalore,C0072,2,50000,10,Accessories,90000.0,10485.59,2
10276,2026-02-03 00:31:42.068045363,Headphones,Jaipur,C0259,5,50000,20,Accessories,200000.0,28102.93,2
10277,2026-02-03 03:24:36.984656437,Mouse,Bangalore,C0398,1,50000,10,Accessories,45000.0,5773.4,2
10278,2026-02-03 06:17:31.901267511,Headphones,Lucknow,C0188,4,500,10,Accessories,1800.0,197.88,2
10279,2026-02-03 09:10:26.817878585,Headphones,Lucknow,C0173,4,1500,0,Accessories,6000.0,1238.2,2
10280,2026-02-03 12:03:21.734489659,Headphones,Jaipur,C0290,3,500,5,Accessories,1425.0,175.06,2
10281,2026-02-03 14:56:16.651100733,Mobile,Jaipur,C0045,4,1500,0,Electronics,6000.0,943.25,2
10282,2026-02-03 17:49:11.567711807,Mouse,Jaipur,C0061,1,50000,20,Accessories,40000.0,5823.84,2
10283,2026-02-03 20:42:06.484322882,Laptop,Mumbai,C0083,3,50000,10,Electronics,135000.0,33338.68,2
10284,2026-02-03 23:35:01.400933956,Keyboard,Bangalore,C0123,2,5000,15,Accessories,8500.0,1245.13,2
10285,2026-02-04 02:27:56.317545030,Laptop,Jaipur,C0358,4,1500,15,Electronics,5100.0,477.34,2
10286,2026-02-04 05:20:51.234156104,Mouse,Delhi,C0016,3,50000,10,Accessories,135000.0,12861.5,2
10287,2026-02-04 08:13:46.150767178,Keyboard,Delhi,C0066,1,1000,0,Accessories,1000.0,180.43,2
10288,2026-02-04 11:06:41.067378252,Mouse,Lucknow,C0145,5,5000,5,Accessories,23750.0,4319.93,2
10289,2026-02-04 13:59:35.983989326,Headphones,Bangalore,C0375,5,500,0,Accessories,2500.0,377.97,2
10290,2026-02-04 16:52:30.900600400,Keyboard,Jaipur,C0162,1,5000,10,Accessories,4500.0,690.36,2
10291,2026-02-04 19:45:25.817211474,Headphones,Delhi,C0234,1,1000,10,Accessories,900.0,80.25,2
10292,2026-02-04 22:38:20.733822548,Laptop,Bangalore,C0380,5,1500,5,Electronics,7125.0,1195.67,2
10293,2026-02-05 01:31:15.650433622,Laptop,Lucknow,C0144,3,500,20,Electronics,1200.0,198.97,2
10294,2026-02-05 04:24:10.567044696,Keyboard,Mumbai,C0358,5,500,20,Accessories,2000.0,210.85,2
10295,2026-02-05 07:17:05.483655770,Keyboard,Bangalore,C0188,1,1500,5,Accessories,1425.0,139.16,2
10296,2026-02-05 10:10:00.400266844,Mouse,Bangalore,C0322,4,5000,20,Accessories,16000.0,1616.12,2
10297,2026-02-05 13:02:55.316877918,Mouse,Mumbai,C0013,2,50000,15,Accessories,85000.0,8259.86,2
10298,2026-02-05 15:55:50.233488992,Headphones,Bangalore,C0184,4,5000,20,Accessories,16000.0,2938.41,2
10299,2026-02-05 18:48:45.150100066,Keyboard,Lucknow,C0111,4,1000,20,Accessories,3200.0,362.89,2
10300,2026-02-05 21:41:40.066711140,Laptop,Lucknow,C0290,1,50000,20,Electronics,40000.0,4909.73,2
10301,2026-02-06 00:34:34.983322214,Mouse,Mumbai,C0295,5,5000,15,Accessories,21250.0,2327.03,2
10302,2026-02-06 03:27:29.899933288,Mouse,Jaipur,C0392,3,1500,20,Accessories,3600.0,874.2,2
10303,2026-02-06 06:20:24.816544362,Laptop,Delhi,C0215,4,1000,15,Electronics,3400.0,765.97,2
10304,2026-02-06 09:13:19.733155437,Mouse,Jaipur,C0120,5,1000,5,Accessories,4750.0,566.12,2
10305,2026-02-06 12:06:14.649766511,Headphones,Bangalore,C0382,3,1000,0,Accessories,3000.0,407.06,2
10306,2026-02-06 14:59:09.566377585,Keyboard,Delhi,C0055,4,50000,5,Accessories,190000.0,21979.54,2
10307,2026-02-06 17:52:04.482988659,Laptop,Mumbai,C0027,3,500,0,Electronics,1500.0,245.43,2
10308,2026-02-06 20:44:59.399599733,Keyboard,Mumbai,C0118,5,50000,5,Accessories,237500.0,19791.78,2
10309,2026-02-06 23:37:54.316210807,Mouse,Delhi,C0221,2,5000,0,Accessories,10000.0,1941.33,2
10310,2026-02-07 02:30:49.232821881,Mouse,Lucknow,C0231,5,500,0,Accessories,2500.0,422.34,2
10311,2026-02-07 05:23:44.149432955,Laptop,Delhi,C0053,1,5000,10,Electronics,4500.0,1047.46,2
10312,2026-02-07 08:16:39.066044029,Headphones,Bangalore,C0295,3,500,0,Accessories,1500.0,161.92,2
10313,2026-02-07 11:09:33.982655103,Mobile,Lucknow,C0321,2,50000,0,Electronics,100000.0,21669.86,2
10314,2026-02-07 14:02:28.899266177,Laptop,Mumbai,C0233,3,1000,10,Electronics,2700.0,579.51,2
10315,2026-02-07 16:55:23.815877251,Mobile,Delhi,C0158,3,1500,20,Electronics,3600.0,365.83,2
10316,2026-02-07 19:48:18.732488325,Mobile,Jaipur,C0269,4,1000,20,Electronics,3200.0,472.82,2
10317,2026-02-07 22:41:13.649099399,Headphones,Jaipur,C0021,1,50000,10,Accessories,45000.0,4901.67,2
10318,2026-02-08 01:34:08.565710473,Mobile,Bangalore,C0053,3,500,15,Electronics,1275.0,157.21,2
10319,2026-02-08 04:27:03.482321547,Mobile,Jaipur,C0275,5,1000,0,Electronics,5000.0,623.76,2
10320,2026-02-08 07:19:58.398932621,Headphones,Delhi,C0313,5,50000,0,Accessories,250000.0,43640.05,2
10321,2026-02-08 10:12:53.315543695,Mobile,Delhi,C0281,4,5000,10,Electronics,18000.0,2698.92,2
10322,2026-02-08 13:05:48.232154769,Mobile,Jaipur,C0214,1,1500,10,Electronics,1350.0,325.5,2
10323,2026-02-08 15:58:43.148765843,Mobile,Delhi,C0031,1,1000,15,Electronics,850.0,86.26,2
10324,2026-02-08 18:51:38.065376918,Laptop,Bangalore,C0337,5,500,20,Electronics,2000.0,491.06,2
10325,2026-02-08 21:44:32.981987992,Laptop,Lucknow,C0183,2,5000,5,Electronics,9500.0,1132.48,2
10326,2026-02-09 00:37:27.898599066,Laptop,Bangalore,C0023,4,50000,20,Electronics,160000.0,33822.17,2
10327,2026-02-09 03:30:22.815210140,Headphones,Bangalore,C0032,4,1500,0,Accessories,6000.0,825.75,2
10328,2026-02-09 06:23:17.731821214,Mouse,Delhi,C0074,5,500,10,Accessories,2250.0,234.73,2
10329,2026-02-09 09:16:12.648432288,Mobile,Lucknow,C0010,5,50000,15,Electronics,212500.0,47991.25,2
10330,2026-02-09 12:09:07.565043362,Mobile,Delhi,C0054,2,50000,20,Electronics,80000.0,10600.51,2
10331,2026-02-09 15:02:02.481654436,Headphones,Mumbai,C0052,2,1000,15,Accessories,1700.0,326.41,2
10332,2026-02-09 17:54:57.398265510,Mobile,Delhi,C0148,1,1000,20,Electronics,800.0,141.04,2
10333,2026-02-09 20:47:52.314876584,Laptop,Delhi,C0160,4,500,0,Electronics,2000.0,320.4,2
10334,2026-02-09 23:40:47.231487658,Mouse,Delhi,C0370,4,50000,5,Accessories,190000.0,31214.97,2
10335,2026-02-10 02:33:42.148098732,Keyboard,Lucknow,C0014,5,1000,15,Accessories,4250.0,869.04,2
10336,2026-02-10 05:26:37.064709806,Mobile,Delhi,C0178,1,1500,15,Electronics,1275.0,121.02,2
10337,2026-02-10 08:19:31.981320880,Laptop,Lucknow,C0366,4,1500,5,Electronics,5700.0,1103.47,2
10338,2026-02-10 11:12:26.897931954,Keyboard,Jaipur,C0053,1,50000,15,Accessories,42500.0,9872.24,2
10339,2026-02-10 14:05:21.814543028,Mouse,Mumbai,C0335,1,1000,15,Accessories,850.0,76.35,2
10340,2026-02-10 16:58:16.731154102,Keyboard,Lucknow,C0022,5,500,20,Accessories,2000.0,207.82,2
10341,2026-02-10 19:51:11.647765176,Laptop,Jaipur,C0030,1,500,20,Electronics,400.0,80.73,2
10342,2026-02-10 22:44:06.564376250,Keyboard,Lucknow,C0191,2,500,5,Accessories,950.0,146.62,2
10343,2026-02-11 01:37:01.480987324,Headphones,Lucknow,C0260,2,1500,0,Accessories,3000.0,445.81,2
10344,2026-02-11 04:29:56.397598398,Keyboard,Mumbai,C0205,3,1000,15,Accessories,2550.0,263.38,2
10345,2026-02-11 07:22:51.314209473,Mobile,Bangalore,C0059,5,1000,0,Electronics,5000.0,830.75,2
10346,2026-02-11 10:15:46.230820547,Mobile,Bangalore,C0264,3,1500,5,Electronics,4275.0,433.97,2
10347,2026-02-11 13:08:41.147431621,Headphones,Lucknow,C0012,2,500,5,Accessories,950.0,152.97,2
10348,2026-02-11 16:01:36.064042695,Laptop,Delhi,C0119,3,500,20,Electronics,1200.0,251.78,2
10349,2026-02-11 18:54:30.980653769,Mobile,Jaipur,C0290,5,50000,15,Electronics,212500.0,26329.8,2
10350,2026-02-11 21:47:25.897264843,Mouse,Delhi,C0338,5,5000,10,Accessories,22500.0,3639.01,2
10351,2026-02-12 00:40:20.813875917,Mobile,Delhi,C0248,1,1000,5,Electronics,950.0,236.21,2
10352,2026-02-12 03:33:15.730486991,Mobile,Lucknow,C0354,4,1000,15,Electronics,3400.0,668.88,2
10353,2026-02-12 06:26:10.647098065,Laptop,Lucknow,C0127,1,1000,0,Electronics,1000.0,223.03,2
10354,2026-02-12 09:19:05.563709139,Keyboard,Lucknow,C0075,5,5000,20,Accessories,20000.0,3010.48,2
10355,2026-02-12 12:12:00.480320213,Mobile,Lucknow,C0361,2,50000,0,Electronics,100000.0,21053.64,2
10356,2026-02-12 15:04:55.396931287,Headphones,Bangalore,C0204,2,5000,5,Accessories,9500.0,825.42,2
10357,2026-02-12 17:57:50.313542361,Keyboard,Lucknow,C0049,1,500,5,Accessories,475.0,47.93,2
10358,2026-02-12 20:50:45.230153435,Mouse,Bangalore,C0079,5,500,0,Accessories,2500.0,286.31,2
10359,2026-02-12 23:43:40.146764509,Laptop,Bangalore,C0241,2,1000,5,Electronics,1900.0,281.83,2
10360,2026-02-13 02:36:35.063375583,Mouse,Lucknow,C0349,5,1500,15,Accessories,6375.0,1426.58,2
10361,2026-02-13 05:29:29.979986657,Keyboard,Mumbai,C0154,2,1000,5,Accessories,1900.0,263.84,2
10362,2026-02-13 08:22:24.896597731,Keyboard,Jaipur,C0274,5,1500,20,Accessories,6000.0,1147.71,2
10363,2026-02-13 11:15:19.813208805,Keyboard,Delhi,C0096,3,5000,15,Accessories,12750.0,2557.44,2
10364,2026-02-13 14:08:14.729819879,Mouse,Bangalore,C0214,5,500,10,Accessories,2250.0,404.21,2
10365,2026-02-13 17:01:09.646430954,Keyboard,Jaipur,C0294,5,1500,5,Accessories,7125.0,1002.71,2
10366,2026-02-13 19:54:04.563042028,Mouse,Mumbai,C0209,1,5000,5,Accessories,4750.0,845.97,2
10367,2026-02-13 22:46:59.479653102,Keyboard,Delhi,C0343,3,500,20,Accessories,1200.0,165.82,2
10368,2026-02-14 01:39:54.396264176,Headphones,Delhi,C0088,4,1500,20,Accessories,4800.0,452.44,2
10369,2026-02-14 04:32:49.312875250,Keyboard,Bangalore,C0306,1,1000,0,Accessories,1000.0,248.78,2
10370,2026-02-14 07:25:44.229486324,Mouse,Lucknow,C0264,4,1000,0,Accessories,4000.0,406.48,2
10371,2026-02-14 10:18:39.146097398,Mobile,Mumbai,C0390,2,1000,0,Electronics,2000.0,184.6,2
10372,2026-02-14 13:11:34.062708472,Keyboard,Bangalore,C0325,4,5000,20,Accessories,16000.0,3669.6,2
10373,2026-02-14 16:04:28.979319546,Mobile,Mumbai,C0377,5,1000,0,Electronics,5000.0,656.56,2
10374,2026-02-14 18:57:23.895930620,Headphones,Lucknow,C0320,4,50000,0,Accessories,200000.0,38110.1,2
10375,2026-02-14 21:50:18.812541694,Laptop,Lucknow,C0157,1,500,10,Electronics,450.0,61.17,2
10376,2026-02-15 00:43:13.729152768,Headphones,Bangalore,C0156,1,5000,0,Accessories,5000.0,732.74,2
10377,2026-02-15 03:36:08.645763842,Keyboard,Lucknow,C0139,4,1000,5,Accessories,3800.0,473.32,2
10378,2026-02-15 06:29:03.562374916,Mobile,Jaipur,C0121,1,500,20,Electronics,400.0,55.33,2
10379,2026-02-15 09:21:58.478985990,Mobile,Delhi,C0065,1,1500,15,Electronics,1275.0,191.02,2
10380,2026-02-15 12:14:53.395597064,Mouse,Bangalore,C0107,4,1000,10,Accessories,3600.0,728.89,2
10381,2026-02-15 15:07:48.312208138,Mobile,Mumbai,C0147,3,500,20,Electronics,1200.0,200.35,2
10382,2026-02-15 18:00:43.228819212,Mouse,Jaipur,C0137,3,50000,20,Accessories,120000.0,28848.73,2
10383,2026-02-15 20:53:38.145430286,Laptop,Bangalore,C0162,2,1500,5,Electronics,2850.0,248.29,2
10384,2026-02-15 23:46:33.062041360,Keyboard,Lucknow,C0100,1,50000,0,Accessories,50000.0,8276.08,2
10385,2026-02-16 02:39:27.978652435,Mouse,Lucknow,C0338,4,500,5,Accessories,1900.0,340.7,2
10386,2026-02-16 05:32:22.895263509,Laptop,Lucknow,C0399,1,50000,0,Electronics,50000.0,11821.67,2
10387,2026-02-16 08:25:17.811874583,Mobile,Lucknow,C0307,5,500,0,Electronics,2500.0,220.89,2
10388,2026-02-16 11:18:12.728485657,Mobile,Mumbai,C0141,1,500,20,Electronics,400.0,71.0,2
10389,2026-02-16 14:11:07.645096731,Laptop,Jaipur,C0083,1,50000,0,Electronics,50000.0,11255.85,2
10390,2026-02-16 17:04:02.561707805,Mobile,Delhi,C0177,3,500,10,Electronics,1350.0,163.52,2
10391,2026-02-16 19:56:57.478318879,Laptop,Mumbai,C0198,4,1000,10,Electronics,3600.0,824.29,2
10392,2026-02-16 22:49:52.394929953,Mouse,Mumbai,C0112,1,500,10,Accessories,450.0,37.46,2
10393,2026-02-17 01:42:47.311541027,Mouse,Delhi,C0056,3,5000,20,Accessories,12000.0,2454.21,2
10394,2026-02-17 04:35:42.228152101,Laptop,Delhi,C0179,2,500,5,Electronics,950.0,226.7,2
10395,2026-02-17 07:28:37.144763175,Mouse,Lucknow,C0186,3,5000,15,Accessories,12750.0,2444.48,2
10396,2026-02-17 10:21:32.061374249,Mouse,Mumbai,C0218,3,500,0,Accessories,1500.0,231.95,2
10397,2026-02-17 13:14:26.977985323,Mouse,Bangalore,C0316,3,500,15,Accessories,1275.0,111.73,2
10398,2026-02-17 16:07:21.894596397,Headphones,Delhi,C0217,1,50000,5,Accessories,47500.0,11229.92,2
10399,2026-02-17 19:00:16.811207471,Keyboard,Delhi,C0120,1,1000,5,Accessories,950.0,151.95,2
10400,2026-02-17 21:53:11.727818545,Mobile,Jaipur,C0394,2,1000,20,Electronics,1600.0,135.89,2
10401,2026-02-18 00:46:06.644429619,Headphones,Bangalore,C0175,5,1500,10,Accessories,6750.0,1331.57,2
10402,2026-02-18 03:39:01.561040693,Mouse,Bangalore,C0023,5,50000,10,Accessories,225000.0,36430.27,2
10403,2026-02-18 06:31:56.477651767,Laptop,Delhi,C0213,5,50000,5,Electronics,237500.0,24020.44,2
10404,2026-02-18 09:24:51.394262841,Mouse,Lucknow,C0235,2,1000,20,Accessories,1600.0,186.28,2
10405,2026-02-18 12:17:46.310873915,Keyboard,Jaipur,C0013,5,50000,20,Accessories,200000.0,18192.68,2
10406,2026-02-18 15:10:41.227484990,Mouse,Bangalore,C0101,5,1000,0,Accessories,5000.0,888.15,2
10407,2026-02-18 18:03:36.144096064,Laptop,Delhi,C0024,3,50000,10,Electronics,135000.0,25075.58,2
10408,2026-02-18 20:56:31.060707138,Keyboard,Bangalore,C0364,1,500,5,Accessories,475.0,78.84,2
10409,2026-02-18 23:49:25.977318212,Mouse,Jaipur,C0011,1,1000,15,Accessories,850.0,186.07,2
10410,2026-02-19 02:42:20.893929286,Keyboard,Jaipur,C0273,3,1000,10,Accessories,2700.0,611.2,2
10411,2026-02-19 05:35:15.810540360,Mobile,Mumbai,C0281,3,5000,0,Electronics,15000.0,2769.84,2
10412,2026-02-19 08:28:10.727151434,Mobile,Delhi,C0094,3,50000,20,Electronics,120000.0,9860.23,2
10413,2026-02-19 11:21:05.643762508,Mouse,Jaipur,C0201,1,50000,5,Accessories,47500.0,9413.98,2
10414,2026-02-19 14:14:00.560373582,Keyboard,Mumbai,C0021,5,1000,10,Accessories,4500.0,679.77,2
10415,2026-02-19 17:06:55.476984656,Laptop,Mumbai,C0340,3,500,15,Electronics,1275.0,224.58,2
10416,2026-02-19 19:59:50.393595730,Mouse,Bangalore,C0211,2,500,0,Accessories,1000.0,190.34,2
10417,2026-02-19 22:52:45.310206804,Mobile,Bangalore,C0140,3,500,0,Electronics,1500.0,209.31,2
10418,2026-02-20 01:45:40.226817878,Mobile,Mumbai,C0293,4,50000,10,Electronics,180000.0,42463.21,2
10419,2026-02-20 04:38:35.143428952,Mouse,Bangalore,C0298,3,5000,15,Accessories,12750.0,1310.39,2
10420,2026-02-20 07:31:30.060040026,Keyboard,Jaipur,C0101,1,1000,0,Accessories,1000.0,194.16,2
10421,2026-02-20 10:24:24.976651100,Mobile,Lucknow,C0304,3,1500,5,Electronics,4275.0,345.17,2
10422,2026-02-20 13:17:19.893262174,Keyboard,Jaipur,C0359,4,5000,0,Accessories,20000.0,4743.81,2
10423,2026-02-20 16:10:14.809873248,Mobile,Mumbai,C0028,2,1500,15,Electronics,2550.0,252.77,2
10424,2026-02-20 19:03:09.726484322,Mobile,Mumbai,C0041,5,5000,20,Electronics,20000.0,1922.61,2
10425,2026-02-20 21:56:04.643095396,Headphones,Jaipur,C0355,3,500,20,Accessories,1200.0,163.93,2
10426,2026-02-21 00:48:59.559706471,Mobile,Bangalore,C0303,4,50000,10,Electronics,180000.0,25831.13,2
10427,2026-02-21 03:41:54.476317545,Laptop,Bangalore,C0146,4,1500,15,Electronics,5100.0,593.8,2
10428,2026-02-21 06:34:49.392928619,Mouse,Mumbai,C0256,2,5000,0,Accessories,10000.0,1794.71,2
10429,2026-02-21 09:27:44.309539693,Mouse,Delhi,C0227,1,50000,0,Accessories,50000.0,7764.77,2
10430,2026-02-21 12:20:39.226150767,Keyboard,Bangalore,C0236,3,1500,20,Accessories,3600.0,308.92,2
10431,2026-02-21 15:13:34.142761841,Mobile,Jaipur,C0361,4,1000,20,Electronics,3200.0,429.89,2
10432,2026-02-21 18:06:29.059372915,Laptop,Bangalore,C0380,2,5000,5,Electronics,9500.0,2068.85,2
10433,2026-02-21 20:59:23.975983989,Keyboard,Jaipur,C0013,5,1000,20,Accessories,4000.0,789.0,2
10434,2026-02-21 23:52:18.892595063,Headphones,Mumbai,C0210,4,500,5,Accessories,1900.0,386.13,2
10435,2026-02-22 02:45:13.809206137,Keyboard,Bangalore,C0229,2,1000,0,Accessories,2000.0,397.36,2
10436,2026-02-22 05:38:08.725817211,Keyboard,Jaipur,C0397,1,1000,5,Accessories,950.0,126.22,2
10437,2026-02-22 08:31:03.642428285,Mobile,Mumbai,C0100,1,5000,5,Electronics,4750.0,460.48,2
10438,2026-02-22 11:23:58.559039359,Headphones,Delhi,C0031,4,500,10,Accessories,1800.0,227.37,2
10439,2026-02-22 14:16:53.475650433,Keyboard,Jaipur,C0386,4,1000,20,Accessories,3200.0,708.49,2
10440,2026-02-22 17:09:48.392261507,Laptop,Delhi,C0016,3,50000,5,Electronics,142500.0,35151.91,2
10441,2026-02-22 20:02:43.308872581,Laptop,Delhi,C0137,2,1500,0,Electronics,3000.0,491.86,2
10442,2026-02-22 22:55:38.225483656,Mouse,Lucknow,C0329,4,1000,15,Accessories,3400.0,277.61,2
10443,2026-02-23 01:48:33.142094730,Headphones,Bangalore,C0166,3,500,5,Accessories,1425.0,147.93,2
10444,2026-02-23 04:41:28.058705804,Headphones,Jaipur,C0310,3,1000,20,Accessories,2400.0,323.41,2
10445,2026-02-23 07:34:22.975316878,Mouse,Delhi,C0100,4,1500,10,Accessories,5400.0,963.14,2
10446,2026-02-23 10:27:17.891927952,Keyboard,Lucknow,C0109,1,500,0,Accessories,500.0,46.38,2
10447,2026-02-23 13:20:12.808539026,Headphones,Mumbai,C0343,2,5000,10,Accessories,9000.0,2163.34,2
10448,2026-02-23 16:13:07.725150100,Laptop,Jaipur,C0173,2,500,15,Electronics,850.0,120.75,2
10449,2026-02-23 19:06:02.641761174,Laptop,Delhi,C0237,1,5000,5,Electronics,4750.0,1116.91,2
10450,2026-02-23 21:58:57.558372248,Mobile,Bangalore,C0162,4,500,5,Electronics,1900.0,404.11,2
10451,2026-02-24 00:51:52.474983322,Headphones,Lucknow,C0393,2,1500,20,Accessories,2400.0,500.22,2
10452,2026-02-24 03:44:47.391594396,Keyboard,Delhi,C0216,4,1500,5,Accessories,5700.0,1043.91,2
10453,2026-02-24 06:37:42.308205470,Mouse,Bangalore,C0264,4,500,0,Accessories,2000.0,373.11,2
10454,2026-02-24 09:30:37.224816544,Mouse,Delhi,C0263,3,1000,15,Accessories,2550.0,480.57,2
10455,2026-02-24 12:23:32.141427618,Keyboard,Jaipur,C0292,1,1500,10,Accessories,1350.0,252.29,2
10456,2026-02-24 15:16:27.058038692,Mobile,Jaipur,C0274,4,5000,15,Electronics,17000.0,2960.27,2
10457,2026-02-24 18:09:21.974649766,Mouse,Jaipur,C0003,5,5000,5,Accessories,23750.0,5882.65,2
10458,2026-02-24 21:02:16.891260840,Headphones,Lucknow,C0028,1,50000,10,Accessories,45000.0,9202.02,2
10459,2026-02-24 23:55:11.807871914,Mobile,Jaipur,C0326,2,5000,20,Electronics,8000.0,1696.65,2
10460,2026-02-25 02:48:06.724482988,Headphones,Bangalore,C0149,3,50000,15,Accessories,127500.0,29110.63,2
10461,2026-02-25 05:41:01.641094062,Laptop,Delhi,C0028,2,500,10,Electronics,900.0,104.99,2
10462,2026-02-25 08:33:56.557705137,Mobile,Mumbai,C0310,2,500,10,Electronics,900.0,84.82,2
10463,2026-02-25 11:26:51.474316211,Mouse,Bangalore,C0065,1,500,10,Accessories,450.0,72.94,2
10464,2026-02-25 14:19:46.390927285,Mobile,Bangalore,C0356,2,1000,0,Electronics,2000.0,334.79,2
10465,2026-02-25 17:12:41.307538359,Mobile,Jaipur,C0021,4,1000,15,Electronics,3400.0,751.27,2
10466,2026-02-25 20:05:36.224149433,Mobile,Lucknow,C0252,2,50000,10,Electronics,90000.0,13989.89,2
10467,2026-02-25 22:58:31.140760507,Mobile,Delhi,C0235,3,5000,15,Electronics,12750.0,2257.32,2
10468,2026-02-26 01:51:26.057371581,Headphones,Lucknow,C0227,3,5000,10,Accessories,13500.0,2289.63,2
10469,2026-02-26 04:44:20.973982655,Laptop,Delhi,C0013,5,500,20,Electronics,2000.0,172.99,2
10470,2026-02-26 07:37:15.890593729,Keyboard,Delhi,C0313,3,1500,20,Accessories,3600.0,664.51,2
10471,2026-02-26 10:30:10.807204803,Mobile,Lucknow,C0049,2,1000,20,Electronics,1600.0,353.23,2
10472,2026-02-26 13:23:05.723815877,Mouse,Bangalore,C0118,3,1000,5,Accessories,2850.0,304.31,2
10473,2026-02-26 16:16:00.640426951,Mobile,Delhi,C0054,1,500,10,Electronics,450.0,81.47,2
10474,2026-02-26 19:08:55.557038025,Mouse,Lucknow,C0138,3,1000,5,Accessories,2850.0,515.6,2
10475,2026-02-26 22:01:50.473649099,Headphones,Delhi,C0053,4,500,15,Accessories,1700.0,183.45,2
10476,2026-02-27 00:54:45.390260173,Mouse,Mumbai,C0044,1,50000,5,Accessories,47500.0,4796.97,2
10477,2026-02-27 03:47:40.306871247,Keyboard,Bangalore,C0303,5,5000,15,Accessories,21250.0,5240.44,2
10478,2026-02-27 06:40:35.223482321,Laptop,Jaipur,C0053,4,1500,15,Electronics,5100.0,749.35,2
10479,2026-02-27 09:33:30.140093395,Mouse,Delhi,C0074,2,5000,15,Accessories,8500.0,1008.62,2
10480,2026-02-27 12:26:25.056704469,Mouse,Mumbai,C0046,2,5000,5,Accessories,9500.0,1036.69,2
10481,2026-02-27 15:19:19.973315543,Laptop,Jaipur,C0013,2,50000,10,Electronics,90000.0,17414.31,2
10482,2026-02-27 18:12:14.889926617,Keyboard,Jaipur,C0165,4,1000,5,Accessories,3800.0,697.7,2
10483,2026-02-27 21:05:09.806537692,Mobile,Delhi,C0102,4,1500,10,Electronics,5400.0,1022.78,2
10484,2026-02-27 23:58:04.723148766,Mouse,Lucknow,C0280,4,1000,10,Accessories,3600.0,341.86,2
10485,2026-02-28 02:50:59.639759840,Laptop,Delhi,C0258,1,5000,15,Electronics,4250.0,985.58,2
10486,2026-02-28 05:43:54.556370914,Headphones,Mumbai,C0337,1,500,5,Accessories,475.0,69.43,2
10487,2026-02-28 08:36:49.472981988,Laptop,Jaipur,C0356,2,5000,10,Electronics,9000.0,1199.46,2
10488,2026-02-28 11:29:44.389593062,Headphones,Delhi,C0398,3,1000,20,Accessories,2400.0,380.64,2
10489,2026-02-28 14:22:39.306204136,Keyboard,Lucknow,C0138,2,5000,10,Accessories,9000.0,1316.8,2
10490,2026-02-28 17:15:34.222815210,Mobile,Delhi,C0163,5,500,20,Electronics,2000.0,453.62,2
10491,2026-02-28 20:08:29.139426284,Laptop,Bangalore,C0387,1,50000,5,Electronics,47500.0,11303.78,2
10492,2026-02-28 23:01:24.056037358,Mouse,Lucknow,C0111,4,1000,5,Accessories,3800.0,500.03,2
10493,2026-03-01 01:54:18.972648432,Keyboard,Mumbai,C0102,1,5000,5,Accessories,4750.0,1077.63,3
10494,2026-03-01 04:47:13.889259506,Laptop,Jaipur,C0017,4,1000,10,Electronics,3600.0,766.29,3
10495,2026-03-01 07:40:08.805870580,Mouse,Delhi,C0268,5,50000,0,Accessories,250000.0,59559.33,3
10496,2026-03-01 10:33:03.722481654,Laptop,Lucknow,C0182,5,5000,10,Electronics,22500.0,2739.99,3
10497,2026-03-01 13:25:58.639092728,Headphones,Bangalore,C0372,1,5000,10,Accessories,4500.0,801.37,3
10498,2026-03-01 16:18:53.555703802,Laptop,Lucknow,C0024,4,1000,15,Electronics,3400.0,430.69,3
10499,2026-03-01 19:11:48.472314876,Laptop,Bangalore,C0029,5,1000,15,Electronics,4250.0,935.41,3
10500,2026-03-01 22:04:43.388925950,Laptop,Mumbai,C0171,2,500,10,Electronics,900.0,72.81,3
10501,2026-03-02 00:57:38.305537024,Keyboard,Jaipur,C0228,2,50000,20,Accessories,80000.0,14081.54,3
10502,2026-03-02 03:50:33.222148098,Laptop,Mumbai,C0378,4,500,15,Electronics,1700.0,234.03,3
10503,2026-03-02 06:43:28.138759173,Mouse,Delhi,C0188,1,5000,10,Accessories,4500.0,606.85,3
10504,2026-03-02 09:36:23.055370247,Headphones,Lucknow,C0346,5,1000,0,Accessories,5000.0,948.17,3
10505,2026-03-02 12:29:17.971981321,Headphones,Bangalore,C0230,1,5000,20,Accessories,4000.0,899.01,3
10506,2026-03-02 15:22:12.888592395,Laptop,Bangalore,C0321,2,5000,5,Electronics,9500.0,1743.85,3
10507,2026-03-02 18:15:07.805203469,Keyboard,Lucknow,C0340,5,1500,10,Accessories,6750.0,1519.02,3
10508,2026-03-02 21:08:02.721814543,Keyboard,Lucknow,C0119,1,1500,10,Accessories,1350.0,168.73,3
10509,2026-03-03 00:00:57.638425617,Mouse,Delhi,C0156,3,5000,20,Accessories,12000.0,2019.78,3
10510,2026-03-03 02:53:52.555036691,Laptop,Mumbai,C0272,4,1000,15,Electronics,3400.0,532.41,3
10511,2026-03-03 05:46:47.471647765,Headphones,Bangalore,C0175,4,5000,15,Accessories,17000.0,1393.65,3
10512,2026-03-03 08:39:42.388258839,Keyboard,Delhi,C0104,3,1500,15,Accessories,3825.0,668.07,3
10513,2026-03-03 11:32:37.304869913,Laptop,Mumbai,C0092,2,1000,5,Electronics,1900.0,365.67,3
10514,2026-03-03 14:25:32.221480987,Keyboard,Delhi,C0186,5,5000,20,Accessories,20000.0,3612.51,3
10515,2026-03-03 17:18:27.138092061,Keyboard,Bangalore,C0283,4,50000,20,Accessories,160000.0,32826.81,3
10516,2026-03-03 20:11:22.054703135,Headphones,Lucknow,C0181,3,50000,15,Accessories,127500.0,22583.78,3
10517,2026-03-03 23:04:16.971314209,Mobile,Lucknow,C0170,3,5000,15,Electronics,12750.0,1164.68,3
10518,2026-03-04 01:57:11.887925283,Mouse,Mumbai,C0187,2,1000,0,Accessories,2000.0,199.59,3
10519,2026-03-04 04:50:06.804536357,Mouse,Jaipur,C0175,2,5000,0,Accessories,10000.0,1814.01,3
10520,2026-03-04 07:43:01.721147431,Headphones,Mumbai,C0222,1,5000,10,Accessories,4500.0,570.36,3
10521,2026-03-04 10:35:56.637758505,Keyboard,Jaipur,C0233,4,1500,10,Accessories,5400.0,505.11,3
10522,2026-03-04 13:28:51.554369579,Laptop,Delhi,C0162,1,50000,20,Electronics,40000.0,6121.3,3
10523,2026-03-04 16:21:46.470980653,Keyboard,Delhi,C0134,3,1500,20,Accessories,3600.0,627.25,3
10524,2026-03-04 19:14:41.387591728,Headphones,Bangalore,C0391,5,1500,5,Accessories,7125.0,968.19,3
10525,2026-03-04 22:07:36.304202802,Mouse,Jaipur,C0224,5,5000,5,Accessories,23750.0,4808.75,3
10526,2026-03-05 01:00:31.220813876,Keyboard,Bangalore,C0153,2,1500,0,Accessories,3000.0,568.32,3
10527,2026-03-05 03:53:26.137424950,Mouse,Lucknow,C0033,5,50000,10,Accessories,225000.0,30730.3,3
10528,2026-03-05 06:46:21.054036024,Laptop,Jaipur,C0055,5,1500,0,Electronics,7500.0,1562.46,3
10529,2026-03-05 09:39:15.970647098,Mouse,Mumbai,C0007,5,50000,0,Accessories,250000.0,47569.54,3
10530,2026-03-05 12:32:10.887258172,Mouse,Lucknow,C0244,3,1500,10,Accessories,4050.0,762.88,3
10531,2026-03-05 15:25:05.803869246,Mobile,Lucknow,C0313,5,50000,5,Electronics,237500.0,41344.64,3
10532,2026-03-05 18:18:00.720480320,Mobile,Mumbai,C0126,5,1500,10,Electronics,6750.0,553.07,3
10533,2026-03-05 21:10:55.637091394,Mobile,Lucknow,C0012,5,1500,15,Electronics,6375.0,1264.84,3
10534,2026-03-06 00:03:50.553702468,Mouse,Jaipur,C0016,1,1000,15,Accessories,850.0,122.34,3
10535,2026-03-06 02:56:45.470313542,Headphones,Bangalore,C0208,3,50000,15,Accessories,127500.0,30631.07,3
10536,2026-03-06 05:49:40.386924616,Mouse,Lucknow,C0043,2,50000,20,Accessories,80000.0,17524.59,3
10537,2026-03-06 08:42:35.303535690,Headphones,Jaipur,C0373,1,50000,5,Accessories,47500.0,8545.63,3
10538,2026-03-06 11:35:30.220146764,Headphones,Delhi,C0135,4,500,5,Accessories,1900.0,233.45,3
10539,2026-03-06 14:28:25.136757838,Mobile,Jaipur,C0228,3,1500,20,Electronics,3600.0,412.68,3
10540,2026-03-06 17:21:20.053368912,Keyboard,Bangalore,C0111,3,50000,0,Accessories,150000.0,20679.81,3
10541,2026-03-06 20:14:14.969979986,Laptop,Jaipur,C0307,4,500,15,Electronics,1700.0,273.73,3
10542,2026-03-06 23:07:09.886591060,Mobile,Mumbai,C0160,4,1000,15,Electronics,3400.0,443.13,3
10543,2026-03-07 02:00:04.803202134,Mobile,Bangalore,C0331,4,50000,0,Electronics,200000.0,33507.6,3
10544,2026-03-07 04:52:59.719813209,Keyboard,Delhi,C0264,2,50000,10,Accessories,90000.0,9730.17,3
10545,2026-03-07 07:45:54.636424283,Laptop,Mumbai,C0225,5,500,10,Electronics,2250.0,553.98,3
10546,2026-03-07 10:38:49.553035357,Mouse,Jaipur,C0217,3,1500,5,Accessories,4275.0,420.43,3
10547,2026-03-07 13:31:44.469646431,Mouse,Bangalore,C0045,5,1000,20,Accessories,4000.0,953.72,3
10548,2026-03-07 16:24:39.386257505,Mobile,Delhi,C0214,5,50000,5,Electronics,237500.0,55885.71,3
10549,2026-03-07 19:17:34.302868579,Laptop,Mumbai,C0059,4,1500,10,Electronics,5400.0,914.28,3
10550,2026-03-07 22:10:29.219479653,Mobile,Delhi,C0132,2,1000,0,Electronics,2000.0,406.47,3
10551,2026-03-08 01:03:24.136090727,Headphones,Jaipur,C0104,1,5000,5,Accessories,4750.0,732.11,3
10552,2026-03-08 03:56:19.052701801,Mobile,Delhi,C0195,2,5000,15,Electronics,8500.0,1590.4,3
10553,2026-03-08 06:49:13.969312875,Mobile,Lucknow,C0157,5,1000,15,Electronics,4250.0,586.07,3
10554,2026-03-08 09:42:08.885923949,Mouse,Mumbai,C0098,2,500,0,Accessories,1000.0,131.2,3
10555,2026-03-08 12:35:03.802535023,Mouse,Delhi,C0226,4,1000,10,Accessories,3600.0,641.88,3
10556,2026-03-08 15:27:58.719146097,Mouse,Jaipur,C0205,1,1000,15,Accessories,850.0,139.98,3
10557,2026-03-08 18:20:53.635757171,Headphones,Jaipur,C0079,4,500,15,Accessories,1700.0,303.49,3
10558,2026-03-08 21:13:48.552368245,Mouse,Delhi,C0124,1,500,20,Accessories,400.0,51.49,3
10559,2026-03-09 00:06:43.468979319,Laptop,Jaipur,C0218,5,1500,5,Electronics,7125.0,1014.48,3
10560,2026-03-09 02:59:38.385590393,Keyboard,Bangalore,C0004,1,1500,10,Accessories,1350.0,127.25,3
10561,2026-03-09 05:52:33.302201467,Laptop,Bangalore,C0090,1,500,5,Electronics,475.0,42.22,3
10562,2026-03-09 08:45:28.218812541,Laptop,Bangalore,C0104,1,5000,10,Electronics,4500.0,553.89,3
10563,2026-03-09 11:38:23.135423615,Mouse,Lucknow,C0393,2,5000,15,Accessories,8500.0,787.29,3
10564,2026-03-09 14:31:18.052034689,Keyboard,Delhi,C0119,2,1000,20,Accessories,1600.0,156.23,3
10565,2026-03-09 17:24:12.968645764,Keyboard,Lucknow,C0133,5,50000,5,Accessories,237500.0,51821.98,3
10566,2026-03-09 20:17:07.885256838,Keyboard,Jaipur,C0312,1,1000,15,Accessories,850.0,73.62,3
10567,2026-03-09 23:10:02.801867912,Headphones,Lucknow,C0096,3,1000,10,Accessories,2700.0,518.45,3
10568,2026-03-10 02:02:57.718478986,Mouse,Jaipur,C0331,5,50000,5,Accessories,237500.0,30004.52,3
10569,2026-03-10 04:55:52.635090060,Keyboard,Jaipur,C0143,1,500,5,Accessories,475.0,108.38,3
10570,2026-03-10 07:48:47.551701134,Headphones,Mumbai,C0288,1,5000,15,Accessories,4250.0,690.41,3
10571,2026-03-10 10:41:42.468312208,Mobile,Bangalore,C0028,2,1000,5,Electronics,1900.0,250.7,3
10572,2026-03-10 13:34:37.384923282,Mobile,Jaipur,C0278,5,50000,20,Electronics,200000.0,33599.72,3
10573,2026-03-10 16:27:32.301534356,Headphones,Mumbai,C0233,1,1500,20,Accessories,1200.0,173.92,3
10574,2026-03-10 19:20:27.218145430,Headphones,Bangalore,C0017,1,1000,15,Accessories,850.0,149.54,3
10575,2026-03-10 22:13:22.134756504,Mouse,Jaipur,C0059,5,5000,10,Accessories,22500.0,2238.09,3
10576,2026-03-11 01:06:17.051367578,Mouse,Jaipur,C0090,3,500,15,Accessories,1275.0,318.1,3
10577,2026-03-11 03:59:11.967978652,Mobile,Lucknow,C0199,5,1000,20,Electronics,4000.0,609.38,3
10578,2026-03-11 06:52:06.884589726,Keyboard,Lucknow,C0362,5,1000,0,Accessories,5000.0,696.0,3
10579,2026-03-11 09:45:01.801200800,Mobile,Bangalore,C0026,3,50000,0,Electronics,150000.0,30110.35,3
10580,2026-03-11 12:37:56.717811874,Keyboard,Jaipur,C0025,5,1500,5,Accessories,7125.0,1010.77,3
10581,2026-03-11 15:30:51.634422948,Keyboard,Delhi,C0394,1,1500,5,Accessories,1425.0,315.86,3
10582,2026-03-11 18:23:46.551034022,Mouse,Lucknow,C0301,5,500,0,Accessories,2500.0,393.07,3
10583,2026-03-11 21:16:41.467645096,Laptop,Bangalore,C0339,3,5000,20,Electronics,12000.0,2427.9,3
10584,2026-03-12 00:09:36.384256170,Laptop,Jaipur,C0267,4,500,5,Electronics,1900.0,186.71,3
10585,2026-03-12 03:02:31.300867245,Headphones,Jaipur,C0181,5,1000,15,Accessories,4250.0,951.32,3
10586,2026-03-12 05:55:26.217478319,Mouse,Delhi,C0360,2,1000,15,Accessories,1700.0,348.62,3
10587,2026-03-12 08:48:21.134089393,Keyboard,Bangalore,C0068,1,1500,20,Accessories,1200.0,139.19,3
10588,2026-03-12 11:41:16.050700467,Laptop,Jaipur,C0351,1,5000,5,Electronics,4750.0,497.32,3
10589,2026-03-12 14:34:10.967311541,Keyboard,Lucknow,C0321,2,50000,15,Accessories,85000.0,11370.42,3
10590,2026-03-12 17:27:05.883922615,Laptop,Delhi,C0049,2,5000,5,Electronics,9500.0,2336.35,3
10591,2026-03-12 20:20:00.800533689,Laptop,Bangalore,C0175,5,1000,5,Electronics,4750.0,587.39,3
10592,2026-03-12 23:12:55.717144763,Laptop,Delhi,C0052,2,50000,15,Electronics,85000.0,13391.04,3
10593,2026-03-13 02:05:50.633755837,Mouse,Lucknow,C0102,4,5000,0,Accessories,20000.0,1702.07,3
10594,2026-03-13 04:58:45.550366911,Mobile,Bangalore,C0216,3,5000,15,Electronics,12750.0,1880.99,3
10595,2026-03-13 07:51:40.466977985,Keyboard,Delhi,C0188,2,50000,20,Accessories,80000.0,14169.95,3
10596,2026-03-13 10:44:35.383589059,Mouse,Mumbai,C0057,2,1000,10,Accessories,1800.0,435.66,3
10597,2026-03-13 13:37:30.300200133,Mouse,Lucknow,C0047,4,5000,15,Accessories,17000.0,2853.37,3
10598,2026-03-13 16:30:25.216811207,Mouse,Lucknow,C0159,1,50000,5,Accessories,47500.0,10414.29,3
10599,2026-03-13 19:23:20.133422281,Mouse,Lucknow,C0174,1,1000,5,Accessories,950.0,164.36,3
10600,2026-03-13 22:16:15.050033355,Mouse,Mumbai,C0242,5,50000,15,Accessories,212500.0,18473.36,3
10601,2026-03-14 01:09:09.966644429,Headphones,Mumbai,C0282,4,50000,10,Accessories,180000.0,24039.25,3
10602,2026-03-14 04:02:04.883255503,Keyboard,Jaipur,C0241,3,5000,15,Accessories,12750.0,2267.5,3
10603,2026-03-14 06:54:59.799866577,Mouse,Delhi,C0370,3,1000,10,Accessories,2700.0,652.32,3
10604,2026-03-14 09:47:54.716477651,Keyboard,Jaipur,C0005,4,5000,10,Accessories,18000.0,4068.94,3
10605,2026-03-14 12:40:49.633088725,Headphones,Delhi,C0084,3,500,20,Accessories,1200.0,142.58,3
10606,2026-03-14 15:33:44.549699800,Headphones,Mumbai,C0308,1,500,5,Accessories,475.0,55.77,3
10607,2026-03-14 18:26:39.466310874,Keyboard,Mumbai,C0361,3,1000,5,Accessories,2850.0,325.47,3
10608,2026-03-14 21:19:34.382921948,Laptop,Jaipur,C0248,3,50000,10,Electronics,135000.0,31971.35,3
10609,2026-03-15 00:12:29.299533022,Mobile,Bangalore,C0054,4,5000,5,Electronics,19000.0,4274.11,3
10610,2026-03-15 03:05:24.216144096,Laptop,Jaipur,C0161,4,5000,0,Electronics,20000.0,4234.6,3
10611,2026-03-15 05:58:19.132755170,Laptop,Delhi,C0226,3,1000,10,Electronics,2700.0,396.27,3
10612,2026-03-15 08:51:14.049366244,Laptop,Jaipur,C0015,2,1000,5,Electronics,1900.0,314.91,3
10613,2026-03-15 11:44:08.965977318,Mouse,Lucknow,C0224,4,500,0,Accessories,2000.0,317.87,3
10614,2026-03-15 14:37:03.882588392,Headphones,Delhi,C0061,5,1500,20,Accessories,6000.0,738.47,3
10615,2026-03-15 17:29:58.799199466,Laptop,Delhi,C0122,5,1000,5,Electronics,4750.0,787.81,3
10616,2026-03-15 20:22:53.715810540,Headphones,Bangalore,C0277,1,1500,0,Accessories,1500.0,127.78,3
10617,2026-03-15 23:15:48.632421614,Keyboard,Mumbai,C0046,3,1000,15,Accessories,2550.0,261.14,3
10618,2026-03-16 02:08:43.549032688,Mobile,Delhi,C0390,2,50000,15,Electronics,85000.0,19611.22,3
10619,2026-03-16 05:01:38.465643762,Keyboard,Mumbai,C0294,1,50000,0,Accessories,50000.0,10389.28,3
10620,2026-03-16 07:54:33.382254836,Keyboard,Jaipur,C0062,3,500,10,Accessories,1350.0,205.05,3
10621,2026-03-16 10:47:28.298865910,Mouse,Lucknow,C0086,4,500,10,Accessories,1800.0,302.25,3
10622,2026-03-16 13:40:23.215476984,Mobile,Bangalore,C0210,5,1500,5,Electronics,7125.0,1018.16,3
10623,2026-03-16 16:33:18.132088058,Keyboard,Mumbai,C0078,2,1000,15,Accessories,1700.0,350.09,3
10624,2026-03-16 19:26:13.048699132,Keyboard,Delhi,C0202,5,5000,10,Accessories,22500.0,4799.52,3
10625,2026-03-16 22:19:07.965310206,Mobile,Mumbai,C0302,4,500,10,Electronics,1800.0,377.57,3
10626,2026-03-17 01:12:02.881921281,Mobile,Delhi,C0397,3,5000,15,Electronics,12750.0,2586.26,3
10627,2026-03-17 04:04:57.798532355,Keyboard,Mumbai,C0223,4,5000,20,Accessories,16000.0,1836.25,3
10628,2026-03-17 06:57:52.715143429,Mobile,Delhi,C0222,4,1000,10,Electronics,3600.0,494.84,3
10629,2026-03-17 09:50:47.631754503,Keyboard,Jaipur,C0003,5,1500,0,Accessories,7500.0,1199.05,3
10630,2026-03-17 12:43:42.548365577,Keyboard,Delhi,C0006,2,1000,5,Accessories,1900.0,258.85,3
10631,2026-03-17 15:36:37.464976651,Mouse,Delhi,C0093,4,500,10,Accessories,1800.0,375.01,3
10632,2026-03-17 18:29:32.381587725,Laptop,Lucknow,C0008,5,5000,10,Electronics,22500.0,3059.78,3
10633,2026-03-17 21:22:27.298198799,Keyboard,Delhi,C0235,2,1000,20,Accessories,1600.0,165.6,3
10634,2026-03-18 00:15:22.214809873,Headphones,Lucknow,C0108,3,1000,0,Accessories,3000.0,443.51,3
10635,2026-03-18 03:08:17.131420947,Laptop,Bangalore,C0161,3,1000,5,Electronics,2850.0,702.77,3
10636,2026-03-18 06:01:12.048032021,Laptop,Lucknow,C0209,1,500,10,Electronics,450.0,53.28,3
10637,2026-03-18 08:54:06.964643095,Laptop,Jaipur,C0240,5,1500,5,Electronics,7125.0,1311.48,3
10638,2026-03-18 11:47:01.881254169,Mouse,Lucknow,C0331,2,1000,15,Accessories,1700.0,261.13,3
10639,2026-03-18 14:39:56.797865243,Keyboard,Bangalore,C0333,4,500,10,Accessories,1800.0,165.73,3
10640,2026-03-18 17:32:51.714476317,Mouse,Jaipur,C0050,3,5000,10,Accessories,13500.0,2199.68,3
10641,2026-03-18 20:25:46.631087391,Keyboard,Mumbai,C0011,2,50000,15,Accessories,85000.0,16946.27,3
10642,2026-03-18 23:18:41.547698465,Mouse,Mumbai,C0351,5,500,20,Accessories,2000.0,334.49,3
10643,2026-03-19 02:11:36.464309539,Mouse,Lucknow,C0156,1,50000,10,Accessories,45000.0,10271.61,3
10644,2026-03-19 05:04:31.380920613,Headphones,Lucknow,C0070,3,1000,5,Accessories,2850.0,367.99,3
10645,2026-03-19 07:57:26.297531687,Mouse,Bangalore,C0169,2,1000,0,Accessories,2000.0,189.32,3
10646,2026-03-19 10:50:21.214142761,Mobile,Bangalore,C0272,2,500,5,Electronics,950.0,227.26,3
10647,2026-03-19 13:43:16.130753836,Headphones,Delhi,C0068,2,50000,20,Accessories,80000.0,11543.47,3
10648,2026-03-19 16:36:11.047364910,Mouse,Bangalore,C0355,5,1000,0,Accessories,5000.0,889.94,3
10649,2026-03-19 19:29:05.963975984,Laptop,Delhi,C0252,5,5000,5,Electronics,23750.0,5097.71,3
10650,2026-03-19 22:22:00.880587058,Mobile,Jaipur,C0048,5,1500,5,Electronics,7125.0,962.82,3
10651,2026-03-20 01:14:55.797198132,Mobile,Lucknow,C0184,4,1500,15,Electronics,5100.0,1028.91,3
10652,2026-03-20 04:07:50.713809206,Mobile,Jaipur,C0320,2,1000,20,Electronics,1600.0,164.83,3
10653,2026-03-20 07:00:45.630420280,Headphones,Bangalore,C0187,3,50000,15,Accessories,127500.0,16513.79,3
10654,2026-03-20 09:53:40.547031354,Mouse,Jaipur,C0090,5,1000,0,Accessories,5000.0,523.0,3
10655,2026-03-20 12:46:35.463642428,Mouse,Jaipur,C0332,5,50000,15,Accessories,212500.0,46305.7,3
10656,2026-03-20 15:39:30.380253502,Laptop,Jaipur,C0139,2,5000,20,Electronics,8000.0,942.8,3
10657,2026-03-20 18:32:25.296864576,Laptop,Bangalore,C0357,5,50000,10,Electronics,225000.0,45440.69,3
10658,2026-03-20 21:25:20.213475650,Mobile,Jaipur,C0089,4,1000,10,Electronics,3600.0,865.3,3
10659,2026-03-21 00:18:15.130086724,Laptop,Delhi,C0274,4,5000,0,Electronics,20000.0,3394.43,3
10660,2026-03-21 03:11:10.046697798,Headphones,Bangalore,C0019,5,500,10,Accessories,2250.0,386.56,3
10661,2026-03-21 06:04:04.963308872,Mouse,Jaipur,C0311,2,1500,15,Accessories,2550.0,403.86,3
10662,2026-03-21 08:56:59.879919946,Mobile,Bangalore,C0358,2,1000,0,Electronics,2000.0,270.8,3
10663,2026-03-21 11:49:54.796531020,Laptop,Mumbai,C0374,2,1000,20,Electronics,1600.0,257.38,3
10664,2026-03-21 14:42:49.713142094,Headphones,Delhi,C0154,1,1000,0,Accessories,1000.0,182.48,3
10665,2026-03-21 17:35:44.629753168,Headphones,Jaipur,C0390,5,5000,0,Accessories,25000.0,6190.46,3
10666,2026-03-21 20:28:39.546364242,Laptop,Mumbai,C0260,2,500,5,Electronics,950.0,227.45,3
10667,2026-03-21 23:21:34.462975317,Mouse,Mumbai,C0108,4,50000,5,Accessories,190000.0,43047.54,3
10668,2026-03-22 02:14:29.379586391,Laptop,Bangalore,C0371,3,500,0,Electronics,1500.0,346.73,3
10669,2026-03-22 05:07:24.296197465,Mobile,Mumbai,C0285,3,5000,10,Electronics,13500.0,2153.71,3
10670,2026-03-22 08:00:19.212808539,Laptop,Delhi,C0059,2,1000,5,Electronics,1900.0,364.35,3
10671,2026-03-22 10:53:14.129419613,Headphones,Delhi,C0125,3,1500,20,Accessories,3600.0,835.78,3
10672,2026-03-22 13:46:09.046030687,Laptop,Lucknow,C0354,3,1000,15,Electronics,2550.0,374.34,3
10673,2026-03-22 16:39:03.962641761,Mouse,Delhi,C0273,1,50000,5,Accessories,47500.0,11566.23,3
10674,2026-03-22 19:31:58.879252835,Keyboard,Mumbai,C0107,4,1500,0,Accessories,6000.0,904.1,3
10675,2026-03-22 22:24:53.795863909,Laptop,Delhi,C0299,4,1000,10,Electronics,3600.0,655.86,3
10676,2026-03-23 01:17:48.712474983,Mouse,Bangalore,C0245,1,1500,15,Accessories,1275.0,255.85,3
10677,2026-03-23 04:10:43.629086057,Mouse,Lucknow,C0336,1,500,5,Accessories,475.0,114.76,3
10678,2026-03-23 07:03:38.545697131,Headphones,Mumbai,C0247,3,5000,10,Accessories,13500.0,1641.39,3
10679,2026-03-23 09:56:33.462308205,Mouse,Lucknow,C0008,5,1000,10,Accessories,4500.0,930.79,3
10680,2026-03-23 12:49:28.378919279,Mouse,Mumbai,C0141,3,50000,10,Accessories,135000.0,22752.72,3
10681,2026-03-23 15:42:23.295530353,Mouse,Bangalore,C0362,1,500,0,Accessories,500.0,62.83,3
10682,2026-03-23 18:35:18.212141427,Mouse,Lucknow,C0008,4,1000,20,Accessories,3200.0,678.47,3
10683,2026-03-23 21:28:13.128752501,Mobile,Jaipur,C0352,3,500,10,Electronics,1350.0,234.74,3
10684,2026-03-24 00:21:08.045363575,Mobile,Mumbai,C0094,5,50000,15,Electronics,212500.0,40877.68,3
10685,2026-03-24 03:14:02.961974649,Headphones,Jaipur,C0321,3,1000,5,Accessories,2850.0,384.45,3
10686,2026-03-24 06:06:57.878585723,Laptop,Lucknow,C0039,2,50000,15,Electronics,85000.0,13754.41,3
10687,2026-03-24 08:59:52.795196797,Mouse,Jaipur,C0081,3,1500,0,Accessories,4500.0,832.28,3
10688,2026-03-24 11:52:47.711807872,Laptop,Jaipur,C0187,1,50000,0,Electronics,50000.0,7441.74,3
10689,2026-03-24 14:45:42.628418946,Laptop,Lucknow,C0084,4,1500,15,Electronics,5100.0,579.99,3
10690,2026-03-24 17:38:37.545030020,Headphones,Bangalore,C0088,4,1000,20,Accessories,3200.0,779.13,3
10691,2026-03-24 20:31:32.461641094,Mouse,Jaipur,C0242,1,1500,0,Accessories,1500.0,250.42,3
10692,2026-03-24 23:24:27.378252168,Mouse,Jaipur,C0342,2,1000,0,Accessories,2000.0,409.53,3
10693,2026-03-25 02:17:22.294863242,Keyboard,Bangalore,C0093,1,1000,15,Accessories,850.0,127.4,3
10694,2026-03-25 05:10:17.211474316,Laptop,Jaipur,C0086,3,5000,0,Electronics,15000.0,2105.59,3
10695,2026-03-25 08:03:12.128085390,Laptop,Jaipur,C0044,1,1000,20,Electronics,800.0,119.37,3
10696,2026-03-25 10:56:07.044696464,Mobile,Jaipur,C0137,1,1500,20,Electronics,1200.0,179.48,3
10697,2026-03-25 13:49:01.961307538,Keyboard,Delhi,C0074,2,5000,20,Accessories,8000.0,1380.08,3
10698,2026-03-25 16:41:56.877918612,Mobile,Bangalore,C0036,3,5000,5,Electronics,14250.0,2456.56,3
10699,2026-03-25 19:34:51.794529686,Mobile,Jaipur,C0101,5,1000,20,Electronics,4000.0,658.06,3
10700,2026-03-25 22:27:46.711140760,Mobile,Bangalore,C0156,5,50000,20,Electronics,200000.0,20582.72,3
10701,2026-03-26 01:20:41.627751834,Headphones,Mumbai,C0255,4,50000,5,Accessories,190000.0,31223.24,3
10702,2026-03-26 04:13:36.544362908,Headphones,Mumbai,C0171,1,5000,10,Accessories,4500.0,489.36,3
10703,2026-03-26 07:06:31.460973982,Mobile,Jaipur,C0216,4,1000,0,Electronics,4000.0,405.77,3
10704,2026-03-26 09:59:26.377585056,Keyboard,Bangalore,C0170,2,50000,20,Accessories,80000.0,19083.98,3
10705,2026-03-26 12:52:21.294196130,Laptop,Bangalore,C0252,5,1000,0,Electronics,5000.0,914.21,3
10706,2026-03-26 15:45:16.210807204,Keyboard,Bangalore,C0360,1,1000,15,Accessories,850.0,163.3,3
10707,2026-03-26 18:38:11.127418278,Mouse,Delhi,C0322,2,5000,0,Accessories,10000.0,1483.05,3
10708,2026-03-26 21:31:06.044029353,Headphones,Mumbai,C0055,2,5000,5,Accessories,9500.0,2228.0,3
10709,2026-03-27 00:24:00.960640427,Laptop,Bangalore,C0091,1,500,0,Electronics,500.0,94.22,3
10710,2026-03-27 03:16:55.877251501,Laptop,Bangalore,C0278,2,50000,0,Electronics,100000.0,21075.89,3
10711,2026-03-27 06:09:50.793862575,Mouse,Delhi,C0101,1,50000,0,Accessories,50000.0,7132.78,3
10712,2026-03-27 09:02:45.710473649,Mouse,Delhi,C0155,1,50000,10,Accessories,45000.0,10944.09,3
10713,2026-03-27 11:55:40.627084723,Mobile,Bangalore,C0377,3,1500,10,Electronics,4050.0,888.89,3
10714,2026-03-27 14:48:35.543695797,Headphones,Lucknow,C0349,4,1000,15,Accessories,3400.0,765.58,3
10715,2026-03-27 17:41:30.460306871,Headphones,Bangalore,C0364,2,5000,5,Accessories,9500.0,1038.09,3
10716,2026-03-27 20:34:25.376917945,Keyboard,Bangalore,C0141,2,50000,0,Accessories,100000.0,12606.37,3
10717,2026-03-27 23:27:20.293529019,Mobile,Delhi,C0173,3,500,0,Electronics,1500.0,192.83,3
10718,2026-03-28 02:20:15.210140093,Mobile,Delhi,C0010,3,50000,0,Electronics,150000.0,18908.19,3
10719,2026-03-28 05:13:10.126751167,Mobile,Bangalore,C0228,3,1000,0,Electronics,3000.0,676.26,3
10720,2026-03-28 08:06:05.043362241,Mobile,Bangalore,C0265,5,1000,10,Electronics,4500.0,384.39,3
10721,2026-03-28 10:58:59.959973315,Headphones,Bangalore,C0248,5,5000,15,Accessories,21250.0,1974.91,3
10722,2026-03-28 13:51:54.876584389,Headphones,Delhi,C0247,5,1500,20,Accessories,6000.0,759.39,3
10723,2026-03-28 16:44:49.793195463,Mobile,Bangalore,C0155,1,5000,5,Electronics,4750.0,541.4,3
10724,2026-03-28 19:37:44.709806537,Keyboard,Bangalore,C0034,2,50000,0,Accessories,100000.0,11941.61,3
10725,2026-03-28 22:30:39.626417611,Laptop,Jaipur,C0129,4,500,15,Electronics,1700.0,366.61,3
10726,2026-03-29 01:23:34.543028685,Laptop,Lucknow,C0160,1,5000,20,Electronics,4000.0,702.93,3
10727,2026-03-29 04:16:29.459639759,Keyboard,Mumbai,C0089,2,1500,15,Accessories,2550.0,206.5,3
10728,2026-03-29 07:09:24.376250833,Mobile,Lucknow,C0093,2,5000,10,Electronics,9000.0,1376.86,3
10729,2026-03-29 10:02:19.292861908,Headphones,Jaipur,C0327,3,1000,20,Accessories,2400.0,358.42,3
10730,2026-03-29 12:55:14.209472982,Laptop,Mumbai,C0241,3,50000,15,Electronics,127500.0,12669.76,3
10731,2026-03-29 15:48:09.126084056,Mouse,Bangalore,C0323,1,50000,10,Accessories,45000.0,8772.48,3
10732,2026-03-29 18:41:04.042695130,Mouse,Jaipur,C0117,3,50000,15,Accessories,127500.0,25417.96,3
10733,2026-03-29 21:33:58.959306204,Keyboard,Bangalore,C0094,2,50000,15,Accessories,85000.0,17216.91,3
10734,2026-03-30 00:26:53.875917278,Mobile,Delhi,C0163,3,50000,20,Electronics,120000.0,24460.81,3
10735,2026-03-30 03:19:48.792528352,Laptop,Jaipur,C0099,5,50000,10,Electronics,225000.0,18002.02,3
10736,2026-03-30 06:12:43.709139426,Mobile,Delhi,C0113,3,500,0,Electronics,1500.0,363.25,3
10737,2026-03-30 09:05:38.625750500,Laptop,Jaipur,C0359,2,1500,5,Electronics,2850.0,622.48,3
10738,2026-03-30 11:58:33.542361574,Keyboard,Jaipur,C0091,1,50000,20,Accessories,40000.0,9347.08,3
10739,2026-03-30 14:51:28.458972648,Keyboard,Delhi,C0346,4,1500,10,Accessories,5400.0,446.36,3
10740,2026-03-30 17:44:23.375583722,Mouse,Mumbai,C0206,3,50000,15,Accessories,127500.0,30441.39,3
10741,2026-03-30 20:37:18.292194796,Mobile,Lucknow,C0017,2,5000,10,Electronics,9000.0,1958.98,3
10742,2026-03-30 23:30:13.208805870,Mouse,Bangalore,C0274,4,50000,5,Accessories,190000.0,42242.18,3
10743,2026-03-31 02:23:08.125416944,Mobile,Jaipur,C0173,4,1000,5,Electronics,3800.0,364.26,3
10744,2026-03-31 05:16:03.042028018,Mouse,Bangalore,C0116,5,500,0,Accessories,2500.0,513.98,3
10745,2026-03-31 08:08:57.958639092,Headphones,Delhi,C0349,4,5000,0,Accessories,20000.0,4863.72,3
10746,2026-03-31 11:01:52.875250166,Headphones,Bangalore,C0181,2,5000,5,Accessories,9500.0,1855.85,3
10747,2026-03-31 13:54:47.791861240,Headphones,Delhi,C0091,2,1000,20,Accessories,1600.0,283.19,3
10748,2026-03-31 16:47:42.708472314,Headphones,Bangalore,C0082,3,50000,20,Accessories,120000.0,28890.85,3
10749,2026-03-31 19:40:37.625083389,Laptop,Lucknow,C0324,3,500,15,Electronics,1275.0,198.01,3
10750,2026-03-31 22:33:32.541694463,Headphones,Lucknow,C0114,3,5000,0,Accessories,15000.0,2728.2,3
10751,2026-04-01 01:26:27.458305537,Keyboard,Lucknow,C0257,4,500,15,Accessories,1700.0,273.66,4
10752,2026-04-01 04:19:22.374916611,Keyboard,Lucknow,C0058,4,5000,0,Accessories,20000.0,4771.68,4
10753,2026-04-01 07:12:17.291527685,Laptop,Lucknow,C0154,2,50000,5,Electronics,95000.0,8828.77,4
10754,2026-04-01 10:05:12.208138759,Headphones,Lucknow,C0365,3,5000,20,Accessories,12000.0,1982.28,4
10755,2026-04-01 12:58:07.124749833,Headphones,Delhi,C0116,1,5000,20,Accessories,4000.0,787.13,4
10756,2026-04-01 15:51:02.041360907,Headphones,Jaipur,C0343,5,1500,5,Accessories,7125.0,1529.2,4
10757,2026-04-01 18:43:56.957971981,Mouse,Bangalore,C0266,1,50000,15,Accessories,42500.0,7612.31,4
10758,2026-04-01 21:36:51.874583055,Mobile,Lucknow,C0315,4,1000,15,Electronics,3400.0,797.35,4
10759,2026-04-02 00:29:46.791194129,Mouse,Delhi,C0203,5,1000,10,Accessories,4500.0,1080.62,4
10760,2026-04-02 03:22:41.707805203,Mobile,Delhi,C0041,5,50000,0,Electronics,250000.0,22733.57,4
10761,2026-04-02 06:15:36.624416277,Headphones,Delhi,C0105,2,1000,15,Accessories,1700.0,252.29,4
10762,2026-04-02 09:08:31.541027351,Headphones,Jaipur,C0389,4,50000,5,Accessories,190000.0,15957.73,4
10763,2026-04-02 12:01:26.457638425,Mouse,Bangalore,C0378,4,1000,15,Accessories,3400.0,462.4,4
10764,2026-04-02 14:54:21.374249499,Mouse,Jaipur,C0193,5,1500,20,Accessories,6000.0,1027.61,4
10765,2026-04-02 17:47:16.290860573,Mobile,Mumbai,C0278,4,1000,0,Electronics,4000.0,939.34,4
10766,2026-04-02 20:40:11.207471647,Keyboard,Delhi,C0354,5,5000,10,Accessories,22500.0,5038.07,4
10767,2026-04-02 23:33:06.124082721,Mobile,Mumbai,C0237,2,50000,0,Electronics,100000.0,10167.5,4
10768,2026-04-03 02:26:01.040693795,Mouse,Lucknow,C0221,5,500,20,Accessories,2000.0,191.63,4
10769,2026-04-03 05:18:55.957304870,Mouse,Lucknow,C0068,4,500,20,Accessories,1600.0,288.28,4
10770,2026-04-03 08:11:50.873915944,Laptop,Jaipur,C0197,4,50000,20,Electronics,160000.0,27273.61,4
10771,2026-04-03 11:04:45.790527018,Mouse,Bangalore,C0256,5,1500,20,Accessories,6000.0,751.71,4
10772,2026-04-03 13:57:40.707138092,Laptop,Mumbai,C0139,5,1000,5,Electronics,4750.0,1106.31,4
10773,2026-04-03 16:50:35.623749166,Keyboard,Bangalore,C0312,5,1500,10,Accessories,6750.0,1604.15,4
10774,2026-04-03 19:43:30.540360240,Mobile,Jaipur,C0149,3,500,20,Electronics,1200.0,178.13,4
10775,2026-04-03 22:36:25.456971314,Mobile,Lucknow,C0099,4,50000,20,Electronics,160000.0,37016.23,4
10776,2026-04-04 01:29:20.373582388,Laptop,Bangalore,C0076,4,50000,15,Electronics,170000.0,24696.12,4
10777,2026-04-04 04:22:15.290193462,Mobile,Bangalore,C0282,3,1500,10,Electronics,4050.0,831.3,4
10778,2026-04-04 07:15:10.206804536,Mouse,Lucknow,C0371,5,1500,0,Accessories,7500.0,1206.83,4
10779,2026-04-04 10:08:05.123415610,Headphones,Mumbai,C0109,2,1000,10,Accessories,1800.0,181.51,4
10780,2026-04-04 13:01:00.040026684,Laptop,Lucknow,C0188,2,5000,10,Electronics,9000.0,2139.74,4
10781,2026-04-04 15:53:54.956637758,Mobile,Bangalore,C0199,5,5000,10,Electronics,22500.0,3536.92,4
10782,2026-04-04 18:46:49.873248832,Laptop,Mumbai,C0303,3,1000,20,Electronics,2400.0,491.67,4
10783,2026-04-04 21:39:44.789859906,Laptop,Mumbai,C0327,4,5000,20,Electronics,16000.0,2278.71,4
10784,2026-04-05 00:32:39.706470980,Headphones,Lucknow,C0154,5,500,5,Accessories,2375.0,197.62,4
10785,2026-04-05 03:25:34.623082054,Mouse,Bangalore,C0040,4,5000,0,Accessories,20000.0,1941.8,4
10786,2026-04-05 06:18:29.539693128,Laptop,Jaipur,C0133,1,1000,15,Electronics,850.0,139.7,4
10787,2026-04-05 09:11:24.456304202,Mobile,Bangalore,C0132,4,5000,10,Electronics,18000.0,3551.29,4
10788,2026-04-05 12:04:19.372915276,Keyboard,Delhi,C0279,2,50000,0,Accessories,100000.0,13690.5,4
10789,2026-04-05 14:57:14.289526350,Laptop,Jaipur,C0362,2,1500,0,Electronics,3000.0,594.7,4
10790,2026-04-05 17:50:09.206137425,Laptop,Mumbai,C0084,5,500,5,Electronics,2375.0,472.07,4
10791,2026-04-05 20:43:04.122748499,Headphones,Jaipur,C0399,4,50000,15,Accessories,170000.0,33943.75,4
10792,2026-04-05 23:35:59.039359573,Mouse,Mumbai,C0242,5,50000,10,Accessories,225000.0,36838.96,4
10793,2026-04-06 02:28:53.955970647,Keyboard,Mumbai,C0116,3,1000,15,Accessories,2550.0,600.6,4
10794,2026-04-06 05:21:48.872581721,Mobile,Jaipur,C0109,2,1500,5,Electronics,2850.0,465.02,4
10795,2026-04-06 08:14:43.789192795,Keyboard,Mumbai,C0221,5,1500,20,Accessories,6000.0,939.27,4
10796,2026-04-06 11:07:38.705803869,Mobile,Mumbai,C0392,3,500,0,Electronics,1500.0,170.84,4
10797,2026-04-06 14:00:33.622414943,Mouse,Delhi,C0041,5,1000,10,Accessories,4500.0,595.36,4
10798,2026-04-06 16:53:28.539026017,Mobile,Bangalore,C0368,4,500,20,Electronics,1600.0,139.51,4
10799,2026-04-06 19:46:23.455637091,Headphones,Bangalore,C0147,4,5000,5,Accessories,19000.0,3566.32,4
10800,2026-04-06 22:39:18.372248165,Headphones,Delhi,C0112,4,50000,15,Accessories,170000.0,20782.68,4
10801,2026-04-07 01:32:13.288859239,Headphones,Jaipur,C0103,4,500,0,Accessories,2000.0,263.41,4
10802,2026-04-07 04:25:08.205470313,Headphones,Lucknow,C0046,1,50000,10,Accessories,45000.0,9496.73,4
10803,2026-04-07 07:18:03.122081387,Keyboard,Lucknow,C0324,3,1000,20,Accessories,2400.0,325.51,4
10804,2026-04-07 10:10:58.038692461,Mouse,Lucknow,C0378,3,5000,20,Accessories,12000.0,1454.08,4
10805,2026-04-07 13:03:52.955303535,Mobile,Delhi,C0271,4,1000,0,Electronics,4000.0,434.96,4
10806,2026-04-07 15:56:47.871914609,Mobile,Delhi,C0385,1,5000,15,Electronics,4250.0,899.84,4
10807,2026-04-07 18:49:42.788525683,Headphones,Mumbai,C0195,4,5000,5,Accessories,19000.0,1938.95,4
10808,2026-04-07 21:42:37.705136757,Headphones,Lucknow,C0367,1,50000,15,Accessories,42500.0,6678.37,4
10809,2026-04-08 00:35:32.621747831,Laptop,Jaipur,C0280,4,1000,15,Electronics,3400.0,565.01,4
10810,2026-04-08 03:28:27.538358906,Mouse,Jaipur,C0283,2,1000,15,Accessories,1700.0,334.66,4
10811,2026-04-08 06:21:22.454969980,Keyboard,Lucknow,C0040,2,500,0,Accessories,1000.0,187.66,4
10812,2026-04-08 09:14:17.371581054,Mobile,Lucknow,C0189,5,1000,0,Electronics,5000.0,1089.11,4
10813,2026-04-08 12:07:12.288192128,Laptop,Lucknow,C0164,1,500,5,Electronics,475.0,41.61,4
10814,2026-04-08 15:00:07.204803202,Laptop,Delhi,C0024,1,1500,15,Electronics,1275.0,166.25,4
10815,2026-04-08 17:53:02.121414276,Mobile,Delhi,C0024,5,1500,0,Electronics,7500.0,957.17,4
10816,2026-04-08 20:45:57.038025350,Keyboard,Delhi,C0004,2,1500,5,Accessories,2850.0,298.75,4
10817,2026-04-08 23:38:51.954636424,Laptop,Bangalore,C0323,4,1000,5,Electronics,3800.0,490.81,4
10818,2026-04-09 02:31:46.871247498,Laptop,Jaipur,C0290,5,1000,15,Electronics,4250.0,563.81,4
10819,2026-04-09 05:24:41.787858572,Mouse,Jaipur,C0181,4,500,10,Accessories,1800.0,303.7,4
10820,2026-04-09 08:17:36.704469646,Keyboard,Mumbai,C0248,2,5000,15,Accessories,8500.0,1639.05,4
10821,2026-04-09 11:10:31.621080720,Laptop,Delhi,C0116,2,500,10,Electronics,900.0,130.31,4
10822,2026-04-09 14:03:26.537691794,Keyboard,Bangalore,C0279,2,1500,5,Accessories,2850.0,576.58,4
10823,2026-04-09 16:56:21.454302868,Mobile,Bangalore,C0365,1,500,0,Electronics,500.0,68.57,4
10824,2026-04-09 19:49:16.370913942,Headphones,Jaipur,C0069,2,5000,20,Accessories,8000.0,1034.79,4
10825,2026-04-09 22:42:11.287525016,Laptop,Delhi,C0351,1,1000,5,Electronics,950.0,163.4,4
10826,2026-04-10 01:35:06.204136090,Mouse,Mumbai,C0254,3,500,0,Accessories,1500.0,126.05,4
10827,2026-04-10 04:28:01.120747164,Mobile,Delhi,C0181,2,1500,5,Electronics,2850.0,266.66,4
10828,2026-04-10 07:20:56.037358238,Keyboard,Lucknow,C0318,3,1500,15,Accessories,3825.0,577.78,4
10829,2026-04-10 10:13:50.953969312,Mobile,Delhi,C0169,1,1000,10,Electronics,900.0,216.27,4
10830,2026-04-10 13:06:45.870580386,Laptop,Lucknow,C0313,2,500,5,Electronics,950.0,192.52,4
10831,2026-04-10 15:59:40.787191461,Keyboard,Lucknow,C0249,5,5000,0,Accessories,25000.0,2374.54,4
10832,2026-04-10 18:52:35.703802535,Headphones,Mumbai,C0188,3,1000,15,Accessories,2550.0,570.88,4
10833,2026-04-10 21:45:30.620413609,Mobile,Jaipur,C0054,5,500,20,Electronics,2000.0,408.98,4
10834,2026-04-11 00:38:25.537024683,Laptop,Delhi,C0326,1,50000,15,Electronics,42500.0,7814.09,4
10835,2026-04-11 03:31:20.453635757,Mouse,Lucknow,C0357,3,1500,10,Accessories,4050.0,888.77,4
10836,2026-04-11 06:24:15.370246831,Keyboard,Delhi,C0313,4,5000,15,Accessories,17000.0,2527.88,4
10837,2026-04-11 09:17:10.286857905,Mobile,Jaipur,C0138,2,5000,20,Electronics,8000.0,941.24,4
10838,2026-04-11 12:10:05.203468979,Mobile,Jaipur,C0168,2,5000,0,Electronics,10000.0,1670.44,4
10839,2026-04-11 15:03:00.120080053,Headphones,Bangalore,C0391,2,1500,5,Accessories,2850.0,493.91,4
10840,2026-04-11 17:55:55.036691127,Headphones,Jaipur,C0103,4,500,10,Accessories,1800.0,308.73,4
10841,2026-04-11 20:48:49.953302201,Mouse,Mumbai,C0085,1,1000,20,Accessories,800.0,140.85,4
10842,2026-04-11 23:41:44.869913275,Mouse,Lucknow,C0317,5,500,10,Accessories,2250.0,542.88,4
10843,2026-04-12 02:34:39.786524349,Laptop,Bangalore,C0212,3,1000,15,Electronics,2550.0,595.12,4
10844,2026-04-12 05:27:34.703135423,Laptop,Mumbai,C0003,1,5000,10,Electronics,4500.0,1029.92,4
10845,2026-04-12 08:20:29.619746497,Mouse,Delhi,C0384,3,500,20,Accessories,1200.0,259.49,4
10846,2026-04-12 11:13:24.536357571,Mouse,Lucknow,C0179,5,5000,5,Accessories,23750.0,5709.09,4
10847,2026-04-12 14:06:19.452968645,Keyboard,Jaipur,C0342,4,50000,5,Accessories,190000.0,18381.38,4
10848,2026-04-12 16:59:14.369579719,Headphones,Lucknow,C0303,2,5000,10,Accessories,9000.0,1125.64,4
10849,2026-04-12 19:52:09.286190793,Laptop,Delhi,C0332,1,5000,0,Electronics,5000.0,820.8,4
10850,2026-04-12 22:45:04.202801867,Headphones,Bangalore,C0038,4,1000,10,Accessories,3600.0,806.08,4
10851,2026-04-13 01:37:59.119412942,Headphones,Bangalore,C0239,1,50000,15,Accessories,42500.0,7049.82,4
10852,2026-04-13 04:30:54.036024016,Mouse,Bangalore,C0169,1,5000,5,Accessories,4750.0,984.04,4
10853,2026-04-13 07:23:48.952635090,Keyboard,Jaipur,C0397,3,5000,5,Accessories,14250.0,1476.63,4
10854,2026-04-13 10:16:43.869246164,Mobile,Mumbai,C0343,4,50000,5,Electronics,190000.0,23352.97,4
10855,2026-04-13 13:09:38.785857238,Keyboard,Mumbai,C0314,1,50000,0,Accessories,50000.0,10220.1,4
10856,2026-04-13 16:02:33.702468312,Keyboard,Lucknow,C0306,4,500,0,Accessories,2000.0,216.01,4
10857,2026-04-13 18:55:28.619079386,Headphones,Jaipur,C0030,5,1000,20,Accessories,4000.0,558.92,4
10858,2026-04-13 21:48:23.535690460,Keyboard,Bangalore,C0190,2,50000,10,Accessories,90000.0,11252.45,4
10859,2026-04-14 00:41:18.452301534,Laptop,Bangalore,C0357,2,50000,10,Electronics,90000.0,12552.88,4
10860,2026-04-14 03:34:13.368912608,Headphones,Delhi,C0025,2,1500,15,Accessories,2550.0,511.06,4
10861,2026-04-14 06:27:08.285523682,Laptop,Delhi,C0112,1,50000,5,Electronics,47500.0,6770.37,4
10862,2026-04-14 09:20:03.202134756,Mobile,Bangalore,C0206,4,1000,0,Electronics,4000.0,697.58,4
10863,2026-04-14 12:12:58.118745830,Headphones,Bangalore,C0185,3,5000,15,Accessories,12750.0,1236.6,4
10864,2026-04-14 15:05:53.035356904,Mobile,Jaipur,C0382,2,5000,15,Electronics,8500.0,1843.25,4
10865,2026-04-14 17:58:47.951967978,Headphones,Mumbai,C0379,3,5000,0,Accessories,15000.0,2143.22,4
10866,2026-04-14 20:51:42.868579052,Mouse,Delhi,C0047,2,5000,10,Accessories,9000.0,1712.26,4
10867,2026-04-14 23:44:37.785190126,Keyboard,Mumbai,C0374,3,1500,5,Accessories,4275.0,869.18,4
10868,2026-04-15 02:37:32.701801200,Mouse,Jaipur,C0228,3,50000,10,Accessories,135000.0,15611.72,4
10869,2026-04-15 05:30:27.618412274,Mobile,Bangalore,C0039,5,5000,15,Electronics,21250.0,4895.89,4
10870,2026-04-15 08:23:22.535023348,Keyboard,Mumbai,C0016,3,500,5,Accessories,1425.0,263.28,4
10871,2026-04-15 11:16:17.451634422,Headphones,Bangalore,C0022,4,5000,20,Accessories,16000.0,2446.13,4
10872,2026-04-15 14:09:12.368245496,Keyboard,Bangalore,C0213,3,50000,15,Accessories,127500.0,14152.12,4
10873,2026-04-15 17:02:07.284856570,Laptop,Lucknow,C0310,1,5000,10,Electronics,4500.0,1080.86,4
10874,2026-04-15 19:55:02.201467644,Keyboard,Mumbai,C0149,3,1500,10,Accessories,4050.0,843.86,4
10875,2026-04-15 22:47:57.118078718,Laptop,Mumbai,C0241,1,1000,10,Electronics,900.0,103.83,4
10876,2026-04-16 01:40:52.034689792,Keyboard,Bangalore,C0272,2,1000,0,Accessories,2000.0,274.82,4
10877,2026-04-16 04:33:46.951300866,Laptop,Jaipur,C0059,1,50000,15,Electronics,42500.0,9249.9,4
10878,2026-04-16 07:26:41.867911940,Mobile,Lucknow,C0287,2,1000,5,Electronics,1900.0,376.7,4
10879,2026-04-16 10:19:36.784523014,Mouse,Bangalore,C0202,4,1000,10,Accessories,3600.0,756.66,4
10880,2026-04-16 13:12:31.701134088,Headphones,Delhi,C0032,4,500,10,Accessories,1800.0,279.01,4
10881,2026-04-16 16:05:26.617745162,Keyboard,Delhi,C0162,4,50000,0,Accessories,200000.0,40360.19,4
10882,2026-04-16 18:58:21.534356238,Mouse,Lucknow,C0255,1,50000,5,Accessories,47500.0,6920.94,4
10883,2026-04-16 21:51:16.450967312,Headphones,Jaipur,C0254,5,1000,15,Accessories,4250.0,492.64,4
10884,2026-04-17 00:44:11.367578386,Headphones,Bangalore,C0009,2,1000,20,Accessories,1600.0,300.09,4
10885,2026-04-17 03:37:06.284189460,Laptop,Mumbai,C0139,4,1000,0,Electronics,4000.0,983.69,4
10886,2026-04-17 06:30:01.200800534,Mobile,Lucknow,C0010,2,1500,15,Electronics,2550.0,338.65,4
10887,2026-04-17 09:22:56.117411608,Mobile,Jaipur,C0214,1,5000,20,Electronics,4000.0,633.46,4
10888,2026-04-17 12:15:51.034022682,Mouse,Mumbai,C0273,5,1500,10,Accessories,6750.0,1313.42,4
10889,2026-04-17 15:08:45.950633756,Mobile,Delhi,C0324,1,50000,10,Electronics,45000.0,7742.52,4
10890,2026-04-17 18:01:40.867244830,Keyboard,Delhi,C0048,2,500,5,Accessories,950.0,212.21,4
10891,2026-04-17 20:54:35.783855904,Mobile,Mumbai,C0111,5,5000,20,Electronics,20000.0,4189.93,4
10892,2026-04-17 23:47:30.700466978,Mouse,Lucknow,C0153,5,500,10,Accessories,2250.0,202.3,4
10893,2026-04-18 02:40:25.617078052,Mobile,Delhi,C0123,1,50000,10,Electronics,45000.0,11237.92,4
10894,2026-04-18 05:33:20.533689126,Keyboard,Bangalore,C0357,4,50000,5,Accessories,190000.0,39502.6,4
10895,2026-04-18 08:26:15.450300200,Laptop,Mumbai,C0102,2,500,15,Electronics,850.0,192.83,4
10896,2026-04-18 11:19:10.366911274,Mouse,Mumbai,C0241,3,500,10,Accessories,1350.0,257.45,4
10897,2026-04-18 14:12:05.283522348,Laptop,Delhi,C0321,1,500,0,Electronics,500.0,112.78,4
10898,2026-04-18 17:05:00.200133422,Laptop,Lucknow,C0191,1,50000,0,Electronics,50000.0,4955.26,4
10899,2026-04-18 19:57:55.116744496,Laptop,Bangalore,C0217,2,1000,15,Electronics,1700.0,236.5,4
10900,2026-04-18 22:50:50.033355570,Headphones,Lucknow,C0051,2,500,20,Accessories,800.0,183.19,4
10901,2026-04-19 01:43:44.949966644,Headphones,Jaipur,C0292,1,5000,5,Accessories,4750.0,542.84,4
10902,2026-04-19 04:36:39.866577718,Laptop,Jaipur,C0081,2,50000,0,Electronics,100000.0,9330.12,4
10903,2026-04-19 07:29:34.783188792,Mouse,Delhi,C0383,4,1500,0,Accessories,6000.0,1283.88,4
10904,2026-04-19 10:22:29.699799866,Keyboard,Delhi,C0088,1,1500,15,Accessories,1275.0,283.09,4
10905,2026-04-19 13:15:24.616410940,Keyboard,Delhi,C0194,4,5000,20,Accessories,16000.0,1722.41,4
10906,2026-04-19 16:08:19.533022014,Mobile,Jaipur,C0104,2,1000,20,Electronics,1600.0,360.38,4
10907,2026-04-19 19:01:14.449633088,Mouse,Lucknow,C0271,1,500,15,Accessories,425.0,83.62,4
10908,2026-04-19 21:54:09.366244162,Headphones,Lucknow,C0096,2,50000,0,Accessories,100000.0,16841.41,4
10909,2026-04-20 00:47:04.282855236,Laptop,Delhi,C0379,1,500,5,Electronics,475.0,105.04,4
10910,2026-04-20 03:39:59.199466310,Mobile,Bangalore,C0198,2,50000,0,Electronics,100000.0,15127.24,4
10911,2026-04-20 06:32:54.116077384,Keyboard,Lucknow,C0001,4,1500,20,Accessories,4800.0,542.3,4
10912,2026-04-20 09:25:49.032688458,Headphones,Jaipur,C0378,4,500,0,Accessories,2000.0,256.85,4
10913,2026-04-20 12:18:43.949299532,Headphones,Mumbai,C0167,2,5000,5,Accessories,9500.0,1575.84,4
10914,2026-04-20 15:11:38.865910606,Laptop,Mumbai,C0126,1,1000,10,Electronics,900.0,153.29,4
10915,2026-04-20 18:04:33.782521680,Keyboard,Mumbai,C0313,3,5000,0,Accessories,15000.0,3254.23,4
10916,2026-04-20 20:57:28.699132754,Mouse,Bangalore,C0081,4,1000,15,Accessories,3400.0,729.4,4
10917,2026-04-20 23:50:23.615743828,Headphones,Delhi,C0251,4,500,10,Accessories,1800.0,321.9,4
10918,2026-04-21 02:43:18.532354902,Laptop,Jaipur,C0169,3,500,15,Electronics,1275.0,271.24,4
10919,2026-04-21 05:36:13.448965976,Mouse,Bangalore,C0073,2,1000,15,Accessories,1700.0,191.42,4
10920,2026-04-21 08:29:08.365577050,Keyboard,Jaipur,C0141,1,1500,15,Accessories,1275.0,112.85,4
10921,2026-04-21 11:22:03.282188124,Headphones,Jaipur,C0070,2,50000,0,Accessories,100000.0,22851.77,4
10922,2026-04-21 14:14:58.198799198,Mouse,Delhi,C0262,5,5000,20,Accessories,20000.0,1856.89,4
10923,2026-04-21 17:07:53.115410274,Mouse,Mumbai,C0340,4,5000,10,Accessories,18000.0,2194.87,4
10924,2026-04-21 20:00:48.032021348,Mouse,Delhi,C0308,5,5000,5,Accessories,23750.0,4707.35,4
10925,2026-04-21 22:53:42.948632422,Headphones,Bangalore,C0245,4,500,20,Accessories,1600.0,239.37,4
10926,2026-04-22 01:46:37.865243496,Headphones,Bangalore,C0003,4,5000,0,Accessories,20000.0,4579.47,4
10927,2026-04-22 04:39:32.781854570,Mobile,Bangalore,C0337,5,50000,15,Electronics,212500.0,27764.52,4
10928,2026-04-22 07:32:27.698465644,Keyboard,Delhi,C0063,5,50000,5,Accessories,237500.0,19479.31,4
10929,2026-04-22 10:25:22.615076718,Laptop,Jaipur,C0049,2,1000,10,Electronics,1800.0,236.0,4
10930,2026-04-22 13:18:17.531687792,Mouse,Jaipur,C0076,5,500,20,Accessories,2000.0,356.55,4
10931,2026-04-22 16:11:12.448298866,Mobile,Lucknow,C0368,2,50000,20,Electronics,80000.0,11512.76,4
10932,2026-04-22 19:04:07.364909940,Laptop,Bangalore,C0175,2,1500,5,Electronics,2850.0,487.15,4
10933,2026-04-22 21:57:02.281521014,Mobile,Jaipur,C0109,2,500,0,Electronics,1000.0,229.02,4
10934,2026-04-23 00:49:57.198132088,Headphones,Lucknow,C0183,4,500,10,Accessories,1800.0,423.22,4
10935,2026-04-23 03:42:52.114743162,Mouse,Jaipur,C0192,4,50000,5,Accessories,190000.0,23790.96,4
10936,2026-04-23 06:35:47.031354236,Laptop,Bangalore,C0065,5,1500,15,Electronics,6375.0,1010.84,4
10937,2026-04-23 09:28:41.947965310,Laptop,Mumbai,C0337,4,1000,10,Electronics,3600.0,624.08,4
10938,2026-04-23 12:21:36.864576384,Laptop,Bangalore,C0271,5,50000,20,Electronics,200000.0,48269.82,4
10939,2026-04-23 15:14:31.781187458,Laptop,Delhi,C0100,1,1500,5,Electronics,1425.0,355.92,4
10940,2026-04-23 18:07:26.697798532,Laptop,Jaipur,C0032,1,500,20,Electronics,400.0,48.01,4
10941,2026-04-23 21:00:21.614409606,Mobile,Jaipur,C0352,1,1500,20,Electronics,1200.0,244.3,4
10942,2026-04-23 23:53:16.531020680,Mouse,Delhi,C0128,5,500,20,Accessories,2000.0,288.53,4
10943,2026-04-24 02:46:11.447631754,Headphones,Delhi,C0369,4,50000,0,Accessories,200000.0,16275.68,4
10944,2026-04-24 05:39:06.364242828,Headphones,Mumbai,C0339,4,50000,20,Accessories,160000.0,13051.67,4
10945,2026-04-24 08:32:01.280853902,Headphones,Jaipur,C0043,2,5000,15,Accessories,8500.0,1345.52,4
10946,2026-04-24 11:24:56.197464976,Headphones,Jaipur,C0372,3,5000,15,Accessories,12750.0,2078.47,4
10947,2026-04-24 14:17:51.114076050,Mobile,Mumbai,C0078,5,5000,10,Electronics,22500.0,1886.33,4
10948,2026-04-24 17:10:46.030687124,Keyboard,Lucknow,C0314,3,50000,20,Accessories,120000.0,23613.32,4
10949,2026-04-24 20:03:40.947298198,Mouse,Mumbai,C0289,3,1000,20,Accessories,2400.0,311.95,4
10950,2026-04-24 22:56:35.863909272,Laptop,Bangalore,C0270,5,50000,5,Electronics,237500.0,41605.68,4
10951,2026-04-25 01:49:30.780520346,Keyboard,Jaipur,C0162,4,1500,0,Accessories,6000.0,786.94,4
10952,2026-04-25 04:42:25.697131420,Headphones,Delhi,C0189,5,50000,10,Accessories,225000.0,24392.89,4
10953,2026-04-25 07:35:20.613742494,Keyboard,Bangalore,C0247,3,50000,20,Accessories,120000.0,17906.34,4
10954,2026-04-25 10:28:15.530353568,Mouse,Jaipur,C0388,4,500,5,Accessories,1900.0,227.02,4
10955,2026-04-25 13:21:10.446964642,Laptop,Mumbai,C0216,1,500,0,Electronics,500.0,85.46,4
10956,2026-04-25 16:14:05.363575716,Laptop,Bangalore,C0315,5,500,10,Electronics,2250.0,256.05,4
10957,2026-04-25 19:07:00.280186790,Mouse,Jaipur,C0339,5,50000,10,Accessories,225000.0,37446.53,4
10958,2026-04-25 21:59:55.196797864,Mouse,Lucknow,C0390,4,1000,20,Accessories,3200.0,341.61,4
10959,2026-04-26 00:52:50.113408938,Headphones,Lucknow,C0377,1,1500,10,Accessories,1350.0,261.99,4
10960,2026-04-26 03:45:45.030020012,Laptop,Delhi,C0168,1,1500,5,Electronics,1425.0,296.64,4
10961,2026-04-26 06:38:39.946631086,Keyboard,Jaipur,C0339,4,1000,10,Accessories,3600.0,355.56,4
10962,2026-04-26 09:31:34.863242160,Mobile,Lucknow,C0193,2,1000,15,Electronics,1700.0,271.19,4
10963,2026-04-26 12:24:29.779853234,Mobile,Mumbai,C0283,5,1500,5,Electronics,7125.0,655.84,4
10964,2026-04-26 15:17:24.696464310,Mouse,Jaipur,C0336,5,5000,0,Accessories,25000.0,4542.28,4
10965,2026-04-26 18:10:19.613075384,Headphones,Mumbai,C0390,3,500,0,Accessories,1500.0,187.42,4
10966,2026-04-26 21:03:14.529686458,Mobile,Mumbai,C0013,4,500,20,Electronics,1600.0,271.51,4
10967,2026-04-26 23:56:09.446297532,Laptop,Lucknow,C0240,1,1500,20,Electronics,1200.0,201.56,4
10968,2026-04-27 02:49:04.362908606,Mouse,Jaipur,C0320,3,1000,15,Accessories,2550.0,604.71,4
10969,2026-04-27 05:41:59.279519680,Keyboard,Bangalore,C0147,1,5000,0,Accessories,5000.0,866.72,4
10970,2026-04-27 08:34:54.196130754,Mouse,Lucknow,C0204,5,1500,0,Accessories,7500.0,1343.32,4
10971,2026-04-27 11:27:49.112741828,Keyboard,Lucknow,C0080,3,500,0,Accessories,1500.0,222.42,4
10972,2026-04-27 14:20:44.029352902,Mouse,Jaipur,C0379,1,50000,0,Accessories,50000.0,12067.18,4
10973,2026-04-27 17:13:38.945963976,Mouse,Jaipur,C0043,4,1000,10,Accessories,3600.0,763.64,4
10974,2026-04-27 20:06:33.862575050,Mouse,Mumbai,C0089,3,50000,5,Accessories,142500.0,18313.94,4
10975,2026-04-27 22:59:28.779186124,Keyboard,Jaipur,C0148,5,1500,5,Accessories,7125.0,1592.55,4
10976,2026-04-28 01:52:23.695797198,Keyboard,Mumbai,C0095,3,500,15,Accessories,1275.0,195.72,4
10977,2026-04-28 04:45:18.612408272,Mouse,Lucknow,C0151,4,5000,10,Accessories,18000.0,3975.72,4
10978,2026-04-28 07:38:13.529019346,Mobile,Delhi,C0002,3,50000,0,Electronics,150000.0,32983.65,4
10979,2026-04-28 10:31:08.445630420,Headphones,Bangalore,C0376,5,5000,0,Accessories,25000.0,2802.7,4
10980,2026-04-28 13:24:03.362241494,Headphones,Lucknow,C0022,1,500,20,Accessories,400.0,79.68,4
10981,2026-04-28 16:16:58.278852568,Headphones,Jaipur,C0371,5,50000,20,Accessories,200000.0,25881.86,4
10982,2026-04-28 19:09:53.195463642,Keyboard,Bangalore,C0313,1,5000,15,Accessories,4250.0,554.94,4
10983,2026-04-28 22:02:48.112074716,Keyboard,Delhi,C0328,2,5000,0,Accessories,10000.0,1303.79,4
10984,2026-04-29 00:55:43.028685790,Mobile,Delhi,C0007,5,50000,15,Electronics,212500.0,43211.15,4
10985,2026-04-29 03:48:37.945296864,Headphones,Mumbai,C0206,5,500,10,Accessories,2250.0,267.91,4
10986,2026-04-29 06:41:32.861907938,Headphones,Bangalore,C0375,4,5000,5,Accessories,19000.0,1522.93,4
10987,2026-04-29 09:34:27.778519012,Mouse,Mumbai,C0114,3,1500,0,Accessories,4500.0,907.16,4
10988,2026-04-29 12:27:22.695130086,Keyboard,Lucknow,C0272,1,50000,10,Accessories,45000.0,4909.56,4
10989,2026-04-29 15:20:17.611741160,Headphones,Bangalore,C0083,1,1000,0,Accessories,1000.0,97.76,4
10990,2026-04-29 18:13:12.528352234,Mobile,Lucknow,C0179,4,1000,20,Electronics,3200.0,385.21,4
10991,2026-04-29 21:06:07.444963308,Mobile,Mumbai,C0210,4,500,15,Electronics,1700.0,245.79,4
10992,2026-04-29 23:59:02.361574382,Headphones,Bangalore,C0328,3,1500,20,Accessories,3600.0,579.25,4
10993,2026-04-30 02:51:57.278185456,Keyboard,Mumbai,C0124,3,5000,5,Accessories,14250.0,1247.97,4
10994,2026-04-30 05:44:52.194796530,Mobile,Bangalore,C0113,5,1000,20,Electronics,4000.0,979.99,4
10995,2026-04-30 08:37:47.111407604,Mouse,Mumbai,C0012,2,500,0,Accessories,1000.0,201.73,4
10996,2026-04-30 11:30:42.028018678,Mobile,Delhi,C0126,3,1500,20,Electronics,3600.0,485.79,4
10997,2026-04-30 14:23:36.944629752,Laptop,Mumbai,C0053,4,1500,0,Electronics,6000.0,805.07,4
10998,2026-04-30 17:16:31.861240826,Laptop,Delhi,C0331,1,500,5,Electronics,475.0,74.22,4
10999,2026-04-30 20:09:26.777851900,Keyboard,Mumbai,C0389,1,500,20,Accessories,400.0,74.58,4
11000,2026-04-30 23:02:21.694462974,Headphones,Bangalore,C0283,2,5000,15,Accessories,8500.0,891.51,4
11001,2026-05-01 01:55:16.611074048,Keyboard,Bangalore,C0140,5,500,15,Accessories,2125.0,238.25,5
11002,2026-05-01 04:48:11.527685122,Keyboard,Bangalore,C0390,1,5000,15,Accessories,4250.0,960.94,5
11003,2026-05-01 07:41:06.444296196,Keyboard,Jaipur,C0097,1,5000,20,Accessories,4000.0,494.25,5
11004,2026-05-01 10:34:01.360907270,Keyboard,Lucknow,C0005,2,50000,20,Accessories,80000.0,11570.65,5
11005,2026-05-01 13:26:56.277518346,Mouse,Bangalore,C0057,5,1500,20,Accessories,6000.0,1368.7,5
11006,2026-05-01 16:19:51.194129420,Mouse,Delhi,C0334,4,1500,0,Accessories,6000.0,1156.41,5
11007,2026-05-01 19:12:46.110740494,Mobile,Bangalore,C0069,5,1500,5,Electronics,7125.0,983.9,5
11008,2026-05-01 22:05:41.027351568,Laptop,Jaipur,C0118,3,50000,15,Electronics,127500.0,25019.19,5
11009,2026-05-02 00:58:35.943962642,Keyboard,Delhi,C0376,1,5000,0,Accessories,5000.0,416.73,5
11010,2026-05-02 03:51:30.860573716,Mobile,Jaipur,C0059,3,5000,15,Electronics,12750.0,2614.51,5
11011,2026-05-02 06:44:25.777184790,Laptop,Delhi,C0033,1,500,0,Electronics,500.0,81.4,5
11012,2026-05-02 09:37:20.693795864,Headphones,Mumbai,C0318,3,50000,20,Accessories,120000.0,26188.92,5
11013,2026-05-02 12:30:15.610406938,Mouse,Lucknow,C0050,5,500,15,Accessories,2125.0,514.86,5
11014,2026-05-02 15:23:10.527018012,Laptop,Lucknow,C0368,1,50000,20,Electronics,40000.0,9495.36,5
11015,2026-05-02 18:16:05.443629086,Headphones,Jaipur,C0019,4,500,15,Accessories,1700.0,398.78,5
11016,2026-05-02 21:09:00.360240160,Laptop,Lucknow,C0214,1,1000,10,Electronics,900.0,150.36,5
11017,2026-05-03 00:01:55.276851234,Mouse,Jaipur,C0197,4,1500,0,Accessories,6000.0,847.34,5
11018,2026-05-03 02:54:50.193462308,Mouse,Jaipur,C0379,5,1500,10,Accessories,6750.0,1073.63,5
11019,2026-05-03 05:47:45.110073382,Mobile,Jaipur,C0047,4,5000,0,Electronics,20000.0,3945.65,5
11020,2026-05-03 08:40:40.026684456,Keyboard,Lucknow,C0167,1,1000,5,Accessories,950.0,218.77,5
11021,2026-05-03 11:33:34.943295530,Laptop,Jaipur,C0289,4,1500,15,Electronics,5100.0,587.46,5
11022,2026-05-03 14:26:29.859906604,Laptop,Lucknow,C0141,1,5000,5,Electronics,4750.0,1121.44,5
11023,2026-05-03 17:19:24.776517678,Headphones,Jaipur,C0084,3,1000,5,Accessories,2850.0,622.95,5
11024,2026-05-03 20:12:19.693128752,Mouse,Bangalore,C0182,3,1500,0,Accessories,4500.0,1108.82,5
11025,2026-05-03 23:05:14.609739826,Laptop,Jaipur,C0391,5,500,10,Electronics,2250.0,516.7,5
11026,2026-05-04 01:58:09.526350900,Mouse,Delhi,C0079,3,50000,20,Accessories,120000.0,15310.72,5
11027,2026-05-04 04:51:04.442961974,Laptop,Jaipur,C0215,5,1000,0,Electronics,5000.0,490.06,5
11028,2026-05-04 07:43:59.359573048,Mobile,Mumbai,C0014,5,5000,20,Electronics,20000.0,1981.62,5
11029,2026-05-04 10:36:54.276184122,Keyboard,Jaipur,C0215,4,1000,5,Accessories,3800.0,492.13,5
11030,2026-05-04 13:29:49.192795196,Laptop,Delhi,C0128,1,5000,20,Electronics,4000.0,737.64,5
11031,2026-05-04 16:22:44.109406270,Mouse,Delhi,C0310,4,1000,10,Accessories,3600.0,780.24,5
11032,2026-05-04 19:15:39.026017344,Mobile,Lucknow,C0248,4,5000,0,Electronics,20000.0,4657.45,5
11033,2026-05-04 22:08:33.942628418,Laptop,Bangalore,C0029,5,1500,10,Electronics,6750.0,1255.76,5
11034,2026-05-05 01:01:28.859239492,Headphones,Jaipur,C0280,5,500,10,Accessories,2250.0,182.15,5
11035,2026-05-05 03:54:23.775850566,Keyboard,Lucknow,C0338,3,1500,0,Accessories,4500.0,502.53,5
11036,2026-05-05 06:47:18.692461640,Laptop,Bangalore,C0319,3,500,10,Electronics,1350.0,130.89,5
11037,2026-05-05 09:40:13.609072714,Mobile,Jaipur,C0202,4,1500,15,Electronics,5100.0,723.0,5
11038,2026-05-05 12:33:08.525683788,Headphones,Mumbai,C0361,2,1500,15,Accessories,2550.0,421.34,5
11039,2026-05-05 15:26:03.442294862,Mobile,Jaipur,C0057,2,1000,15,Electronics,1700.0,148.54,5
11040,2026-05-05 18:18:58.358905936,Mobile,Delhi,C0392,3,50000,20,Electronics,120000.0,16708.95,5
11041,2026-05-05 21:11:53.275517010,Headphones,Delhi,C0218,2,5000,10,Accessories,9000.0,994.14,5
11042,2026-05-06 00:04:48.192128084,Mobile,Mumbai,C0062,3,5000,0,Electronics,15000.0,2850.03,5
11043,2026-05-06 02:57:43.108739158,Headphones,Lucknow,C0157,5,5000,0,Accessories,25000.0,3973.16,5
11044,2026-05-06 05:50:38.025350232,Laptop,Bangalore,C0202,4,500,20,Electronics,1600.0,262.73,5
11045,2026-05-06 08:43:32.941961306,Headphones,Jaipur,C0017,1,5000,0,Accessories,5000.0,763.54,5
11046,2026-05-06 11:36:27.858572382,Headphones,Delhi,C0322,4,5000,15,Accessories,17000.0,4122.9,5
11047,2026-05-06 14:29:22.775183456,Keyboard,Lucknow,C0006,3,1000,10,Accessories,2700.0,314.56,5
11048,2026-05-06 17:22:17.691794530,Headphones,Mumbai,C0058,3,1500,0,Accessories,4500.0,755.25,5
11049,2026-05-06 20:15:12.608405604,Headphones,Delhi,C0325,4,5000,0,Accessories,20000.0,4102.46,5
11050,2026-05-06 23:08:07.525016678,Laptop,Mumbai,C0318,3,50000,5,Electronics,142500.0,24889.56,5
11051,2026-05-07 02:01:02.441627752,Keyboard,Jaipur,C0169,2,5000,5,Accessories,9500.0,2260.37,5
11052,2026-05-07 04:53:57.358238826,Mouse,Bangalore,C0082,2,500,5,Accessories,950.0,137.04,5
11053,2026-05-07 07:46:52.274849900,Laptop,Delhi,C0219,1,500,10,Electronics,450.0,71.47,5
11054,2026-05-07 10:39:47.191460974,Laptop,Delhi,C0177,1,500,15,Electronics,425.0,40.4,5
11055,2026-05-07 13:32:42.108072048,Mouse,Jaipur,C0204,2,5000,15,Accessories,8500.0,1560.0,5
11056,2026-05-07 16:25:37.024683122,Headphones,Lucknow,C0071,3,1000,15,Accessories,2550.0,328.94,5
11057,2026-05-07 19:18:31.941294196,Mobile,Bangalore,C0387,3,50000,10,Electronics,135000.0,14479.09,5
11058,2026-05-07 22:11:26.857905270,Keyboard,Delhi,C0266,4,5000,10,Accessories,18000.0,3106.27,5
11059,2026-05-08 01:04:21.774516344,Mobile,Bangalore,C0098,1,1000,5,Electronics,950.0,161.97,5
11060,2026-05-08 03:57:16.691127418,Mouse,Delhi,C0345,2,1000,0,Accessories,2000.0,185.8,5
11061,2026-05-08 06:50:11.607738492,Laptop,Bangalore,C0291,4,5000,20,Electronics,16000.0,3179.15,5
11062,2026-05-08 09:43:06.524349566,Laptop,Mumbai,C0208,1,5000,20,Electronics,4000.0,744.17,5
11063,2026-05-08 12:36:01.440960640,Keyboard,Delhi,C0002,3,1000,0,Accessories,3000.0,336.4,5
11064,2026-05-08 15:28:56.357571714,Laptop,Bangalore,C0124,3,1000,5,Electronics,2850.0,455.44,5
11065,2026-05-08 18:21:51.274182788,Laptop,Lucknow,C0280,1,1000,0,Electronics,1000.0,202.45,5
11066,2026-05-08 21:14:46.190793862,Keyboard,Mumbai,C0074,3,5000,0,Accessories,15000.0,2550.06,5
11067,2026-05-09 00:07:41.107404936,Keyboard,Mumbai,C0166,5,1000,20,Accessories,4000.0,588.93,5
11068,2026-05-09 03:00:36.024016010,Mouse,Lucknow,C0022,4,500,5,Accessories,1900.0,256.12,5
11069,2026-05-09 05:53:30.940627084,Laptop,Bangalore,C0154,1,5000,10,Electronics,4500.0,826.95,5
11070,2026-05-09 08:46:25.857238158,Laptop,Jaipur,C0295,4,500,20,Electronics,1600.0,383.44,5
11071,2026-05-09 11:39:20.773849232,Mouse,Lucknow,C0219,2,1500,10,Accessories,2700.0,524.33,5
11072,2026-05-09 14:32:15.690460306,Headphones,Bangalore,C0157,4,5000,5,Accessories,19000.0,1761.43,5
11073,2026-05-09 17:25:10.607071380,Headphones,Lucknow,C0230,3,1500,0,Accessories,4500.0,712.42,5
11074,2026-05-09 20:18:05.523682454,Headphones,Lucknow,C0020,3,1000,15,Accessories,2550.0,590.17,5
11075,2026-05-09 23:11:00.440293528,Mouse,Delhi,C0041,5,1000,15,Accessories,4250.0,408.25,5
11076,2026-05-10 02:03:55.356904602,Laptop,Bangalore,C0148,5,50000,5,Electronics,237500.0,58925.86,5
11077,2026-05-10 04:56:50.273515676,Mouse,Jaipur,C0108,5,1000,15,Accessories,4250.0,1025.7,5
11078,2026-05-10 07:49:45.190126750,Mouse,Delhi,C0084,1,1500,10,Accessories,1350.0,125.96,5
11079,2026-05-10 10:42:40.106737824,Headphones,Lucknow,C0367,5,1000,15,Accessories,4250.0,1014.39,5
11080,2026-05-10 13:35:35.023348898,Mobile,Lucknow,C0322,1,5000,5,Electronics,4750.0,673.23,5
11081,2026-05-10 16:28:29.939959972,Laptop,Lucknow,C0309,2,1000,5,Electronics,1900.0,424.84,5
11082,2026-05-10 19:21:24.856571046,Headphones,Bangalore,C0290,1,50000,10,Accessories,45000.0,6800.63,5
11083,2026-05-10 22:14:19.773182120,Mobile,Bangalore,C0323,4,1000,15,Electronics,3400.0,526.81,5
11084,2026-05-11 01:07:14.689793194,Mobile,Delhi,C0134,4,1500,15,Electronics,5100.0,957.89,5
11085,2026-05-11 04:00:09.606404268,Keyboard,Jaipur,C0207,3,1500,0,Accessories,4500.0,952.48,5
11086,2026-05-11 06:53:04.523015342,Laptop,Delhi,C0283,1,1000,20,Electronics,800.0,68.6,5
11087,2026-05-11 09:45:59.439626418,Mobile,Mumbai,C0266,2,1500,5,Electronics,2850.0,515.38,5
11088,2026-05-11 12:38:54.356237492,Headphones,Lucknow,C0073,3,1500,0,Accessories,4500.0,502.85,5
11089,2026-05-11 15:31:49.272848566,Keyboard,Lucknow,C0352,4,50000,5,Accessories,190000.0,26374.17,5
11090,2026-05-11 18:24:44.189459640,Laptop,Lucknow,C0048,1,5000,0,Electronics,5000.0,695.77,5
11091,2026-05-11 21:17:39.106070714,Mouse,Delhi,C0326,5,50000,20,Accessories,200000.0,31948.05,5
11092,2026-05-12 00:10:34.022681788,Headphones,Delhi,C0233,2,500,0,Accessories,1000.0,136.8,5
11093,2026-05-12 03:03:28.939292862,Mobile,Lucknow,C0100,4,50000,5,Electronics,190000.0,18667.76,5
11094,2026-05-12 05:56:23.855903936,Mobile,Delhi,C0059,3,1000,15,Electronics,2550.0,267.13,5
11095,2026-05-12 08:49:18.772515010,Headphones,Bangalore,C0258,1,5000,5,Accessories,4750.0,407.0,5
11096,2026-05-12 11:42:13.689126084,Mobile,Bangalore,C0065,2,1000,10,Electronics,1800.0,287.9,5
11097,2026-05-12 14:35:08.605737158,Keyboard,Delhi,C0083,1,500,10,Accessories,450.0,109.02,5
11098,2026-05-12 17:28:03.522348232,Laptop,Lucknow,C0154,2,5000,10,Electronics,9000.0,896.98,5
11099,2026-05-12 20:20:58.438959306,Keyboard,Delhi,C0266,3,1500,10,Accessories,4050.0,975.5,5
11100,2026-05-12 23:13:53.355570380,Mobile,Delhi,C0309,1,50000,20,Electronics,40000.0,8186.86,5
11101,2026-05-13 02:06:48.272181454,Mouse,Delhi,C0079,4,1000,15,Accessories,3400.0,640.47,5
11102,2026-05-13 04:59:43.188792528,Laptop,Mumbai,C0315,3,500,15,Electronics,1275.0,241.86,5
11103,2026-05-13 07:52:38.105403602,Laptop,Bangalore,C0150,4,1500,5,Electronics,5700.0,1257.1,5
11104,2026-05-13 10:45:33.022014676,Headphones,Jaipur,C0048,1,50000,0,Accessories,50000.0,4908.82,5
11105,2026-05-13 13:38:27.938625750,Headphones,Jaipur,C0379,3,1500,5,Accessories,4275.0,708.83,5
11106,2026-05-13 16:31:22.855236824,Mouse,Mumbai,C0248,4,50000,5,Accessories,190000.0,37716.04,5
11107,2026-05-13 19:24:17.771847898,Laptop,Delhi,C0278,2,5000,5,Electronics,9500.0,1707.72,5
11108,2026-05-13 22:17:12.688458972,Mouse,Mumbai,C0356,5,1500,5,Accessories,7125.0,1578.7,5
11109,2026-05-14 01:10:07.605070046,Headphones,Mumbai,C0098,1,1500,15,Accessories,1275.0,117.66,5
11110,2026-05-14 04:03:02.521681120,Headphones,Lucknow,C0025,3,1500,0,Accessories,4500.0,888.39,5
11111,2026-05-14 06:55:57.438292194,Laptop,Bangalore,C0284,2,5000,5,Electronics,9500.0,1622.45,5
11112,2026-05-14 09:48:52.354903268,Keyboard,Jaipur,C0369,3,500,15,Accessories,1275.0,184.18,5
11113,2026-05-14 12:41:47.271514342,Mobile,Delhi,C0301,5,50000,5,Electronics,237500.0,32738.6,5
11114,2026-05-14 15:34:42.188125416,Headphones,Jaipur,C0068,4,1500,10,Accessories,5400.0,1001.92,5
11115,2026-05-14 18:27:37.104736490,Headphones,Jaipur,C0007,2,5000,5,Accessories,9500.0,2198.96,5
11116,2026-05-14 21:20:32.021347564,Keyboard,Bangalore,C0305,1,500,5,Accessories,475.0,78.07,5
11117,2026-05-15 00:13:26.937958638,Keyboard,Jaipur,C0137,2,50000,20,Accessories,80000.0,17616.24,5
11118,2026-05-15 03:06:21.854569712,Mouse,Jaipur,C0164,1,5000,10,Accessories,4500.0,667.65,5
11119,2026-05-15 05:59:16.771180786,Mouse,Mumbai,C0083,2,50000,0,Accessories,100000.0,9740.71,5
11120,2026-05-15 08:52:11.687791860,Mobile,Bangalore,C0385,1,1500,5,Electronics,1425.0,128.9,5
11121,2026-05-15 11:45:06.604402934,Mobile,Lucknow,C0138,1,500,0,Electronics,500.0,44.36,5
11122,2026-05-15 14:38:01.521014008,Laptop,Delhi,C0073,1,5000,10,Electronics,4500.0,650.81,5
11123,2026-05-15 17:30:56.437625082,Mouse,Jaipur,C0237,2,500,5,Accessories,950.0,130.46,5
11124,2026-05-15 20:23:51.354236156,Headphones,Delhi,C0046,1,1500,20,Accessories,1200.0,242.46,5
11125,2026-05-15 23:16:46.270847230,Mouse,Lucknow,C0106,5,500,15,Accessories,2125.0,438.34,5
11126,2026-05-16 02:09:41.187458304,Headphones,Delhi,C0288,2,500,20,Accessories,800.0,70.92,5
11127,2026-05-16 05:02:36.104069378,Keyboard,Lucknow,C0262,3,1000,20,Accessories,2400.0,282.22,5
11128,2026-05-16 07:55:31.020680454,Mouse,Mumbai,C0176,4,500,15,Accessories,1700.0,215.26,5
11129,2026-05-16 10:48:25.937291528,Keyboard,Jaipur,C0166,1,50000,15,Accessories,42500.0,7356.5,5
11130,2026-05-16 13:41:20.853902602,Mobile,Lucknow,C0145,1,5000,15,Electronics,4250.0,444.41,5
11131,2026-05-16 16:34:15.770513676,Mobile,Delhi,C0330,4,1000,5,Electronics,3800.0,390.53,5
11132,2026-05-16 19:27:10.687124750,Laptop,Jaipur,C0370,5,5000,0,Electronics,25000.0,6011.1,5
11133,2026-05-16 22:20:05.603735824,Mouse,Mumbai,C0283,4,5000,0,Accessories,20000.0,4334.29,5
11134,2026-05-17 01:13:00.520346898,Keyboard,Jaipur,C0054,2,1500,15,Accessories,2550.0,282.31,5
11135,2026-05-17 04:05:55.436957972,Headphones,Lucknow,C0178,4,1500,20,Accessories,4800.0,715.76,5
11136,2026-05-17 06:58:50.353569046,Mobile,Mumbai,C0244,1,1000,10,Electronics,900.0,126.41,5
11137,2026-05-17 09:51:45.270180120,Mobile,Delhi,C0341,4,1500,15,Electronics,5100.0,1093.8,5
11138,2026-05-17 12:44:40.186791194,Headphones,Mumbai,C0127,3,1500,20,Accessories,3600.0,600.25,5
11139,2026-05-17 15:37:35.103402268,Keyboard,Mumbai,C0367,2,1500,20,Accessories,2400.0,244.16,5
11140,2026-05-17 18:30:30.020013342,Keyboard,Bangalore,C0271,4,5000,5,Accessories,19000.0,3906.94,5
11141,2026-05-17 21:23:24.936624416,Mouse,Mumbai,C0132,1,1000,5,Accessories,950.0,140.1,5
11142,2026-05-18 00:16:19.853235490,Mouse,Mumbai,C0093,2,5000,0,Accessories,10000.0,1246.97,5
11143,2026-05-18 03:09:14.769846564,Laptop,Jaipur,C0379,1,50000,0,Electronics,50000.0,7191.74,5
11144,2026-05-18 06:02:09.686457638,Mobile,Delhi,C0073,5,5000,10,Electronics,22500.0,3703.92,5
11145,2026-05-18 08:55:04.603068712,Mouse,Jaipur,C0248,3,50000,10,Accessories,135000.0,18674.5,5
11146,2026-05-18 11:47:59.519679786,Keyboard,Jaipur,C0348,5,500,10,Accessories,2250.0,272.53,5
11147,2026-05-18 14:40:54.436290860,Headphones,Lucknow,C0273,3,500,10,Accessories,1350.0,199.46,5
11148,2026-05-18 17:33:49.352901934,Keyboard,Jaipur,C0043,4,50000,20,Accessories,160000.0,13321.5,5
11149,2026-05-18 20:26:44.269513008,Mobile,Bangalore,C0377,2,50000,20,Electronics,80000.0,16905.97,5
11150,2026-05-18 23:19:39.186124082,Keyboard,Bangalore,C0041,4,5000,0,Accessories,20000.0,2181.21,5
11151,2026-05-19 02:12:34.102735156,Laptop,Lucknow,C0170,1,50000,5,Electronics,47500.0,4154.53,5
11152,2026-05-19 05:05:29.019346230,Mobile,Delhi,C0212,3,1000,5,Electronics,2850.0,544.72,5
11153,2026-05-19 07:58:23.935957304,Headphones,Delhi,C0168,3,500,15,Accessories,1275.0,269.75,5
11154,2026-05-19 10:51:18.852568378,Laptop,Jaipur,C0039,1,500,20,Electronics,400.0,87.34,5
11155,2026-05-19 13:44:13.769179452,Mobile,Jaipur,C0369,2,50000,10,Electronics,90000.0,14750.69,5
11156,2026-05-19 16:37:08.685790526,Headphones,Jaipur,C0245,4,1500,10,Accessories,5400.0,620.53,5
11157,2026-05-19 19:30:03.602401600,Laptop,Delhi,C0151,1,1500,15,Electronics,1275.0,261.79,5
11158,2026-05-19 22:22:58.519012674,Laptop,Mumbai,C0111,5,50000,5,Electronics,237500.0,47250.92,5
11159,2026-05-20 01:15:53.435623748,Mobile,Bangalore,C0047,3,1000,10,Electronics,2700.0,329.04,5
11160,2026-05-20 04:08:48.352234822,Mouse,Mumbai,C0063,3,1500,5,Accessories,4275.0,998.55,5
11161,2026-05-20 07:01:43.268845896,Laptop,Mumbai,C0225,3,50000,15,Electronics,127500.0,12462.25,5
11162,2026-05-20 09:54:38.185456970,Laptop,Delhi,C0366,1,1000,5,Electronics,950.0,234.7,5
11163,2026-05-20 12:47:33.102068044,Headphones,Mumbai,C0069,5,1000,5,Accessories,4750.0,1074.65,5
11164,2026-05-20 15:40:28.018679118,Keyboard,Lucknow,C0299,1,5000,5,Accessories,4750.0,935.48,5
11165,2026-05-20 18:33:22.935290192,Mobile,Jaipur,C0290,2,1000,10,Electronics,1800.0,431.26,5
11166,2026-05-20 21:26:17.851901266,Mobile,Lucknow,C0296,1,1500,0,Electronics,1500.0,304.19,5
11167,2026-05-21 00:19:12.768512340,Mouse,Bangalore,C0203,4,1500,20,Accessories,4800.0,539.41,5
11168,2026-05-21 03:12:07.685123414,Mouse,Jaipur,C0061,3,50000,5,Accessories,142500.0,22111.23,5
11169,2026-05-21 06:05:02.601734490,Mobile,Mumbai,C0318,2,50000,5,Electronics,95000.0,8754.77,5
11170,2026-05-21 08:57:57.518345564,Mouse,Bangalore,C0314,4,1000,5,Accessories,3800.0,555.72,5
11171,2026-05-21 11:50:52.434956638,Headphones,Jaipur,C0161,4,500,0,Accessories,2000.0,412.15,5
11172,2026-05-21 14:43:47.351567712,Mobile,Mumbai,C0331,4,5000,15,Electronics,17000.0,2476.82,5
11173,2026-05-21 17:36:42.268178786,Mouse,Lucknow,C0016,2,500,10,Accessories,900.0,122.54,5
11174,2026-05-21 20:29:37.184789860,Mobile,Jaipur,C0338,2,1000,0,Electronics,2000.0,362.42,5
11175,2026-05-21 23:22:32.101400934,Keyboard,Mumbai,C0094,5,1000,5,Accessories,4750.0,1084.31,5
11176,2026-05-22 02:15:27.018012008,Laptop,Lucknow,C0304,2,500,0,Electronics,1000.0,88.09,5
11177,2026-05-22 05:08:21.934623082,Mobile,Bangalore,C0138,1,5000,0,Electronics,5000.0,727.65,5
11178,2026-05-22 08:01:16.851234156,Laptop,Bangalore,C0338,2,500,0,Electronics,1000.0,106.9,5
11179,2026-05-22 10:54:11.767845230,Mouse,Bangalore,C0038,2,50000,15,Accessories,85000.0,16847.87,5
11180,2026-05-22 13:47:06.684456304,Laptop,Bangalore,C0127,2,1500,20,Electronics,2400.0,235.14,5
11181,2026-05-22 16:40:01.601067378,Mobile,Delhi,C0275,5,50000,10,Electronics,225000.0,43428.9,5
11182,2026-05-22 19:32:56.517678452,Keyboard,Jaipur,C0164,4,1500,15,Accessories,5100.0,656.12,5
11183,2026-05-22 22:25:51.434289526,Mouse,Jaipur,C0319,3,1000,15,Accessories,2550.0,290.23,5
11184,2026-05-23 01:18:46.350900600,Mobile,Delhi,C0077,5,5000,20,Electronics,20000.0,4783.6,5
11185,2026-05-23 04:11:41.267511674,Mouse,Mumbai,C0174,2,500,15,Accessories,850.0,70.68,5
11186,2026-05-23 07:04:36.184122748,Headphones,Mumbai,C0387,5,5000,0,Accessories,25000.0,3860.55,5
11187,2026-05-23 09:57:31.100733822,Laptop,Bangalore,C0358,1,500,0,Electronics,500.0,41.84,5
11188,2026-05-23 12:50:26.017344896,Headphones,Lucknow,C0321,2,50000,5,Accessories,95000.0,15410.03,5
11189,2026-05-23 15:43:20.933955970,Mobile,Mumbai,C0376,1,50000,15,Electronics,42500.0,7020.07,5
11190,2026-05-23 18:36:15.850567044,Keyboard,Lucknow,C0091,2,500,5,Accessories,950.0,127.95,5
11191,2026-05-23 21:29:10.767178118,Mouse,Jaipur,C0238,5,5000,10,Accessories,22500.0,2305.52,5
11192,2026-05-24 00:22:05.683789192,Laptop,Lucknow,C0264,1,500,0,Electronics,500.0,71.99,5
11193,2026-05-24 03:15:00.600400266,Mouse,Jaipur,C0179,3,1000,10,Accessories,2700.0,524.57,5
11194,2026-05-24 06:07:55.517011340,Mobile,Delhi,C0209,1,50000,20,Electronics,40000.0,8520.29,5
11195,2026-05-24 09:00:50.433622414,Mouse,Delhi,C0073,5,1000,0,Accessories,5000.0,851.14,5
11196,2026-05-24 11:53:45.350233488,Laptop,Bangalore,C0390,4,50000,10,Electronics,180000.0,32448.93,5
11197,2026-05-24 14:46:40.266844562,Mobile,Mumbai,C0107,5,50000,20,Electronics,200000.0,22820.96,5
11198,2026-05-24 17:39:35.183455636,Mouse,Bangalore,C0345,1,1500,10,Accessories,1350.0,173.94,5
11199,2026-05-24 20:32:30.100066710,Keyboard,Jaipur,C0295,3,1000,20,Accessories,2400.0,258.05,5
11200,2026-05-24 23:25:25.016677784,Mobile,Bangalore,C0369,5,1000,20,Electronics,4000.0,489.52,5
11201,2026-05-25 02:18:19.933288858,Mobile,Lucknow,C0284,2,1500,0,Electronics,3000.0,354.69,5
11202,2026-05-25 05:11:14.849899932,Keyboard,Jaipur,C0353,4,5000,5,Accessories,19000.0,3197.82,5
11203,2026-05-25 08:04:09.766511006,Headphones,Delhi,C0182,5,1000,20,Accessories,4000.0,702.63,5
11204,2026-05-25 10:57:04.683122080,Laptop,Mumbai,C0037,4,500,20,Electronics,1600.0,385.03,5
11205,2026-05-25 13:49:59.599733154,Headphones,Jaipur,C0137,2,1500,0,Accessories,3000.0,339.74,5
11206,2026-05-25 16:42:54.516344228,Mouse,Jaipur,C0338,3,1000,5,Accessories,2850.0,538.89,5
11207,2026-05-25 19:35:49.432955302,Keyboard,Lucknow,C0056,3,5000,15,Accessories,12750.0,2791.41,5
11208,2026-05-25 22:28:44.349566376,Headphones,Mumbai,C0187,2,1000,15,Accessories,1700.0,297.91,5
11209,2026-05-26 01:21:39.266177450,Mobile,Delhi,C0341,4,50000,5,Electronics,190000.0,23436.62,5
11210,2026-05-26 04:14:34.182788526,Mouse,Jaipur,C0258,5,500,10,Accessories,2250.0,280.43,5
11211,2026-05-26 07:07:29.099399600,Mouse,Jaipur,C0058,2,1500,0,Accessories,3000.0,260.02,5
11212,2026-05-26 10:00:24.016010674,Headphones,Lucknow,C0363,1,50000,5,Accessories,47500.0,6266.46,5
11213,2026-05-26 12:53:18.932621748,Headphones,Bangalore,C0123,4,5000,15,Accessories,17000.0,3511.9,5
11214,2026-05-26 15:46:13.849232822,Keyboard,Delhi,C0188,3,50000,20,Accessories,120000.0,10569.36,5
11215,2026-05-26 18:39:08.765843896,Laptop,Mumbai,C0230,2,50000,15,Electronics,85000.0,9968.82,5
11216,2026-05-26 21:32:03.682454970,Headphones,Jaipur,C0168,3,5000,20,Accessories,12000.0,2400.71,5
11217,2026-05-27 00:24:58.599066044,Headphones,Jaipur,C0114,4,50000,0,Accessories,200000.0,42610.15,5
11218,2026-05-27 03:17:53.515677118,Mobile,Delhi,C0252,3,1500,20,Electronics,3600.0,566.65,5
11219,2026-05-27 06:10:48.432288192,Mouse,Bangalore,C0107,2,1000,5,Accessories,1900.0,377.48,5
11220,2026-05-27 09:03:43.348899266,Laptop,Jaipur,C0037,4,50000,20,Electronics,160000.0,23352.3,5
11221,2026-05-27 11:56:38.265510340,Mobile,Delhi,C0335,1,1500,10,Electronics,1350.0,144.7,5
11222,2026-05-27 14:49:33.182121414,Keyboard,Lucknow,C0092,2,1000,5,Accessories,1900.0,280.6,5
11223,2026-05-27 17:42:28.098732488,Keyboard,Bangalore,C0018,5,1000,0,Accessories,5000.0,892.97,5
11224,2026-05-27 20:35:23.015343562,Headphones,Mumbai,C0354,2,50000,5,Accessories,95000.0,22911.06,5
11225,2026-05-27 23:28:17.931954636,Headphones,Jaipur,C0063,4,1500,10,Accessories,5400.0,495.11,5
11226,2026-05-28 02:21:12.848565710,Keyboard,Delhi,C0150,2,50000,0,Accessories,100000.0,16625.7,5
11227,2026-05-28 05:14:07.765176784,Headphones,Lucknow,C0139,1,5000,15,Accessories,4250.0,577.64,5
11228,2026-05-28 08:07:02.681787858,Laptop,Mumbai,C0186,1,1000,10,Electronics,900.0,149.77,5
11229,2026-05-28 10:59:57.598398932,Headphones,Delhi,C0185,5,50000,0,Accessories,250000.0,21018.96,5
11230,2026-05-28 13:52:52.515010006,Mouse,Delhi,C0205,3,1000,20,Accessories,2400.0,319.71,5
11231,2026-05-28 16:45:47.431621080,Headphones,Mumbai,C0260,4,1500,5,Accessories,5700.0,1250.45,5
11232,2026-05-28 19:38:42.348232154,Mobile,Lucknow,C0214,4,500,0,Electronics,2000.0,348.34,5
11233,2026-05-28 22:31:37.264843228,Laptop,Lucknow,C0256,1,50000,5,Electronics,47500.0,7438.45,5
11234,2026-05-29 01:24:32.181454302,Mobile,Bangalore,C0135,1,50000,20,Electronics,40000.0,5141.57,5
11235,2026-05-29 04:17:27.098065376,Mobile,Jaipur,C0061,1,1000,0,Electronics,1000.0,130.67,5
11236,2026-05-29 07:10:22.014676450,Mouse,Mumbai,C0363,2,1500,15,Accessories,2550.0,370.07,5
11237,2026-05-29 10:03:16.931287524,Laptop,Mumbai,C0310,5,5000,10,Electronics,22500.0,4996.06,5
11238,2026-05-29 12:56:11.847898598,Laptop,Mumbai,C0088,5,1500,0,Electronics,7500.0,1833.2,5
11239,2026-05-29 15:49:06.764509672,Laptop,Lucknow,C0324,2,50000,20,Electronics,80000.0,12365.71,5
11240,2026-05-29 18:42:01.681120746,Laptop,Jaipur,C0207,2,5000,0,Electronics,10000.0,1468.7,5
11241,2026-05-29 21:34:56.597731820,Laptop,Bangalore,C0129,5,1500,5,Electronics,7125.0,1595.38,5
11242,2026-05-30 00:27:51.514342894,Mouse,Delhi,C0311,3,500,0,Accessories,1500.0,228.86,5
11243,2026-05-30 03:20:46.430953968,Headphones,Delhi,C0003,2,1000,15,Accessories,1700.0,295.53,5
11244,2026-05-30 06:13:41.347565042,Mobile,Mumbai,C0242,3,1500,0,Electronics,4500.0,536.67,5
11245,2026-05-30 09:06:36.264176116,Laptop,Jaipur,C0121,2,1500,10,Electronics,2700.0,557.27,5
11246,2026-05-30 11:59:31.180787190,Headphones,Lucknow,C0385,5,500,0,Accessories,2500.0,426.1,5
11247,2026-05-30 14:52:26.097398264,Headphones,Jaipur,C0102,3,50000,5,Accessories,142500.0,30998.86,5
11248,2026-05-30 17:45:21.014009338,Mobile,Jaipur,C0038,3,1000,0,Electronics,3000.0,638.17,5
11249,2026-05-30 20:38:15.930620412,Mouse,Lucknow,C0341,3,1500,15,Accessories,3825.0,445.81,5
11250,2026-05-30 23:31:10.847231486,Keyboard,Mumbai,C0133,2,5000,20,Accessories,8000.0,1613.26,5
11251,2026-05-31 02:24:05.763842562,Keyboard,Jaipur,C0202,4,1500,0,Accessories,6000.0,1296.06,5
11252,2026-05-31 05:17:00.680453636,Headphones,Delhi,C0348,5,1000,0,Accessories,5000.0,694.19,5
11253,2026-05-31 08:09:55.597064710,Mobile,Lucknow,C0021,3,1500,10,Electronics,4050.0,442.84,5
11254,2026-05-31 11:02:50.513675784,Keyboard,Bangalore,C0242,4,500,15,Accessories,1700.0,136.76,5
11255,2026-05-31 13:55:45.430286858,Headphones,Mumbai,C0109,5,1500,20,Accessories,6000.0,939.92,5
11256,2026-05-31 16:48:40.346897932,Mouse,Lucknow,C0303,5,1500,5,Accessories,7125.0,996.88,5
11257,2026-05-31 19:41:35.263509006,Keyboard,Bangalore,C0084,3,5000,0,Accessories,15000.0,2615.02,5
11258,2026-05-31 22:34:30.180120080,Headphones,Bangalore,C0083,3,500,20,Accessories,1200.0,134.36,5
11259,2026-06-01 01:27:25.096731154,Headphones,Jaipur,C0291,2,500,5,Accessories,950.0,214.84,6
11260,2026-06-01 04:20:20.013342228,Laptop,Jaipur,C0069,4,1500,15,Electronics,5100.0,631.47,6
11261,2026-06-01 07:13:14.929953302,Mouse,Jaipur,C0129,4,5000,15,Accessories,17000.0,2014.38,6
11262,2026-06-01 10:06:09.846564376,Laptop,Lucknow,C0196,1,1500,20,Electronics,1200.0,194.07,6
11263,2026-06-01 12:59:04.763175450,Mobile,Lucknow,C0140,5,1500,5,Electronics,7125.0,1174.23,6
11264,2026-06-01 15:51:59.679786524,Laptop,Mumbai,C0283,3,1000,15,Electronics,2550.0,297.24,6
11265,2026-06-01 18:44:54.596397598,Laptop,Jaipur,C0312,5,1000,20,Electronics,4000.0,504.87,6
11266,2026-06-01 21:37:49.513008672,Keyboard,Bangalore,C0234,5,5000,15,Accessories,21250.0,2313.06,6
11267,2026-06-02 00:30:44.429619746,Headphones,Delhi,C0023,3,50000,15,Accessories,127500.0,25772.62,6
11268,2026-06-02 03:23:39.346230820,Mouse,Mumbai,C0153,1,1000,15,Accessories,850.0,179.28,6
11269,2026-06-02 06:16:34.262841894,Laptop,Lucknow,C0277,1,50000,10,Electronics,45000.0,7136.81,6
11270,2026-06-02 09:09:29.179452968,Mouse,Mumbai,C0061,5,500,5,Accessories,2375.0,478.31,6
11271,2026-06-02 12:02:24.096064042,Laptop,Mumbai,C0319,5,1000,20,Electronics,4000.0,820.44,6
11272,2026-06-02 14:55:19.012675116,Mobile,Mumbai,C0378,1,1000,20,Electronics,800.0,82.81,6
11273,2026-06-02 17:48:13.929286190,Laptop,Mumbai,C0052,2,5000,5,Electronics,9500.0,2320.38,6
11274,2026-06-02 20:41:08.845897264,Keyboard,Delhi,C0344,1,50000,5,Accessories,47500.0,10429.83,6
11275,2026-06-02 23:34:03.762508338,Headphones,Jaipur,C0153,1,1000,5,Accessories,950.0,109.02,6
11276,2026-06-03 02:26:58.679119412,Mobile,Bangalore,C0237,5,1000,5,Electronics,4750.0,530.33,6
11277,2026-06-03 05:19:53.595730486,Laptop,Mumbai,C0311,4,5000,0,Electronics,20000.0,2027.25,6
11278,2026-06-03 08:12:48.512341560,Mouse,Mumbai,C0302,1,5000,20,Accessories,4000.0,414.1,6
11279,2026-06-03 11:05:43.428952634,Mobile,Mumbai,C0032,2,50000,0,Electronics,100000.0,20718.75,6
11280,2026-06-03 13:58:38.345563708,Mobile,Jaipur,C0055,3,500,15,Electronics,1275.0,203.8,6
11281,2026-06-03 16:51:33.262174782,Laptop,Lucknow,C0352,1,500,15,Electronics,425.0,90.57,6
11282,2026-06-03 19:44:28.178785856,Mobile,Lucknow,C0389,1,1500,20,Electronics,1200.0,248.24,6
11283,2026-06-03 22:37:23.095396930,Mouse,Delhi,C0036,2,1000,15,Accessories,1700.0,310.73,6
11284,2026-06-04 01:30:18.012008004,Mobile,Lucknow,C0110,4,50000,5,Electronics,190000.0,37369.64,6
11285,2026-06-04 04:23:12.928619078,Mouse,Mumbai,C0177,1,1000,0,Accessories,1000.0,83.12,6
11286,2026-06-04 07:16:07.845230152,Laptop,Mumbai,C0362,1,50000,5,Electronics,47500.0,6317.6,6
11287,2026-06-04 10:09:02.761841226,Headphones,Mumbai,C0314,4,50000,15,Accessories,170000.0,32033.06,6
11288,2026-06-04 13:01:57.678452300,Mobile,Delhi,C0295,2,50000,0,Electronics,100000.0,8158.86,6
11289,2026-06-04 15:54:52.595063374,Headphones,Mumbai,C0336,1,1000,5,Accessories,950.0,81.33,6
11290,2026-06-04 18:47:47.511674448,Mouse,Lucknow,C0097,4,5000,20,Accessories,16000.0,3597.14,6
11291,2026-06-04 21:40:42.428285522,Mobile,Jaipur,C0369,1,1000,5,Electronics,950.0,186.47,6
11292,2026-06-05 00:33:37.344896598,Keyboard,Jaipur,C0213,3,50000,15,Accessories,127500.0,15951.89,6
11293,2026-06-05 03:26:32.261507672,Headphones,Bangalore,C0317,5,1500,0,Accessories,7500.0,1477.15,6
11294,2026-06-05 06:19:27.178118746,Mobile,Lucknow,C0137,3,500,20,Electronics,1200.0,257.66,6
11295,2026-06-05 09:12:22.094729820,Headphones,Mumbai,C0006,1,50000,0,Accessories,50000.0,6607.75,6
11296,2026-06-05 12:05:17.011340894,Mobile,Jaipur,C0109,2,1500,20,Electronics,2400.0,206.7,6
11297,2026-06-05 14:58:11.927951968,Laptop,Lucknow,C0035,2,5000,0,Electronics,10000.0,2385.72,6
11298,2026-06-05 17:51:06.844563042,Headphones,Jaipur,C0039,3,50000,15,Accessories,127500.0,17681.77,6
11299,2026-06-05 20:44:01.761174116,Keyboard,Mumbai,C0150,4,1500,20,Accessories,4800.0,470.89,6
11300,2026-06-05 23:36:56.677785190,Keyboard,Jaipur,C0118,2,50000,10,Accessories,90000.0,14725.41,6
11301,2026-06-06 02:29:51.594396264,Mouse,Bangalore,C0261,3,1000,0,Accessories,3000.0,631.92,6
11302,2026-06-06 05:22:46.511007338,Mobile,Bangalore,C0087,4,1500,0,Electronics,6000.0,706.08,6
11303,2026-06-06 08:15:41.427618412,Headphones,Jaipur,C0076,1,1000,5,Accessories,950.0,119.52,6
11304,2026-06-06 11:08:36.344229486,Mouse,Lucknow,C0313,4,1000,20,Accessories,3200.0,388.04,6
11305,2026-06-06 14:01:31.260840560,Headphones,Lucknow,C0383,3,1500,10,Accessories,4050.0,1006.77,6
11306,2026-06-06 16:54:26.177451634,Mobile,Lucknow,C0214,3,500,15,Electronics,1275.0,144.79,6
11307,2026-06-06 19:47:21.094062708,Keyboard,Jaipur,C0285,1,1500,5,Accessories,1425.0,253.42,6
11308,2026-06-06 22:40:16.010673782,Laptop,Lucknow,C0239,1,500,10,Electronics,450.0,106.78,6
11309,2026-06-07 01:33:10.927284856,Keyboard,Mumbai,C0165,4,50000,20,Accessories,160000.0,16795.59,6
11310,2026-06-07 04:26:05.843895930,Mouse,Bangalore,C0087,1,50000,10,Accessories,45000.0,11027.03,6
11311,2026-06-07 07:19:00.760507004,Laptop,Mumbai,C0141,4,1500,0,Electronics,6000.0,1446.43,6
11312,2026-06-07 10:11:55.677118078,Mouse,Lucknow,C0160,1,50000,0,Accessories,50000.0,11518.86,6
11313,2026-06-07 13:04:50.593729152,Mobile,Mumbai,C0046,2,5000,5,Electronics,9500.0,1106.51,6
11314,2026-06-07 15:57:45.510340226,Laptop,Lucknow,C0372,1,1000,20,Electronics,800.0,150.23,6
11315,2026-06-07 18:50:40.426951300,Mouse,Jaipur,C0112,2,1000,20,Accessories,1600.0,334.96,6
11316,2026-06-07 21:43:35.343562374,Mobile,Mumbai,C0045,5,500,10,Electronics,2250.0,557.16,6
11317,2026-06-08 00:36:30.260173448,Keyboard,Jaipur,C0247,5,50000,5,Accessories,237500.0,26284.61,6
11318,2026-06-08 03:29:25.176784522,Mobile,Jaipur,C0104,5,500,20,Electronics,2000.0,420.45,6
11319,2026-06-08 06:22:20.093395596,Headphones,Delhi,C0085,1,1000,0,Accessories,1000.0,137.6,6
11320,2026-06-08 09:15:15.010006670,Mobile,Lucknow,C0134,4,1000,10,Electronics,3600.0,395.48,6
11321,2026-06-08 12:08:09.926617744,Mobile,Bangalore,C0108,2,50000,15,Electronics,85000.0,12888.9,6
11322,2026-06-08 15:01:04.843228818,Headphones,Lucknow,C0018,2,5000,0,Accessories,10000.0,2149.52,6
11323,2026-06-08 17:53:59.759839892,Mouse,Bangalore,C0094,2,5000,5,Accessories,9500.0,1510.73,6
11324,2026-06-08 20:46:54.676450966,Mouse,Lucknow,C0150,2,50000,20,Accessories,80000.0,13710.31,6
11325,2026-06-08 23:39:49.593062040,Mobile,Jaipur,C0246,5,50000,0,Electronics,250000.0,62294.27,6
11326,2026-06-09 02:32:44.509673114,Headphones,Mumbai,C0289,2,500,15,Accessories,850.0,125.67,6
11327,2026-06-09 05:25:39.426284188,Headphones,Mumbai,C0209,4,50000,15,Accessories,170000.0,31385.08,6
11328,2026-06-09 08:18:34.342895262,Keyboard,Delhi,C0126,5,5000,5,Accessories,23750.0,3374.67,6
11329,2026-06-09 11:11:29.259506336,Mouse,Bangalore,C0235,2,50000,0,Accessories,100000.0,14677.36,6
11330,2026-06-09 14:04:24.176117410,Laptop,Bangalore,C0122,1,500,10,Electronics,450.0,89.22,6
11331,2026-06-09 16:57:19.092728484,Mouse,Bangalore,C0138,3,500,0,Accessories,1500.0,359.16,6
11332,2026-06-09 19:50:14.009339558,Mouse,Jaipur,C0115,3,500,15,Accessories,1275.0,219.56,6
11333,2026-06-09 22:43:08.925950634,Keyboard,Bangalore,C0162,3,500,5,Accessories,1425.0,300.14,6
11334,2026-06-10 01:36:03.842561708,Laptop,Mumbai,C0201,5,1500,5,Electronics,7125.0,678.05,6
11335,2026-06-10 04:28:58.759172782,Keyboard,Jaipur,C0234,2,50000,10,Accessories,90000.0,10430.72,6
11336,2026-06-10 07:21:53.675783856,Laptop,Lucknow,C0028,2,1000,5,Electronics,1900.0,314.19,6
11337,2026-06-10 10:14:48.592394930,Mobile,Bangalore,C0011,4,50000,5,Electronics,190000.0,15846.38,6
11338,2026-06-10 13:07:43.509006004,Laptop,Bangalore,C0206,1,1500,5,Electronics,1425.0,175.25,6
11339,2026-06-10 16:00:38.425617078,Keyboard,Lucknow,C0167,1,500,5,Accessories,475.0,79.78,6
11340,2026-06-10 18:53:33.342228152,Mouse,Bangalore,C0247,3,1500,5,Accessories,4275.0,352.87,6
11341,2026-06-10 21:46:28.258839226,Laptop,Lucknow,C0047,1,5000,15,Electronics,4250.0,531.13,6
11342,2026-06-11 00:39:23.175450300,Laptop,Jaipur,C0246,3,5000,0,Electronics,15000.0,2510.78,6
11343,2026-06-11 03:32:18.092061374,Headphones,Mumbai,C0127,2,50000,20,Accessories,80000.0,14194.83,6
11344,2026-06-11 06:25:13.008672448,Mouse,Lucknow,C0147,4,50000,5,Accessories,190000.0,45101.78,6
11345,2026-06-11 09:18:07.925283522,Mobile,Delhi,C0118,4,1000,20,Electronics,3200.0,607.07,6
11346,2026-06-11 12:11:02.841894596,Keyboard,Lucknow,C0399,4,1000,20,Accessories,3200.0,481.62,6
11347,2026-06-11 15:03:57.758505670,Mobile,Bangalore,C0382,4,5000,15,Electronics,17000.0,4048.71,6
11348,2026-06-11 17:56:52.675116744,Mouse,Jaipur,C0152,3,500,5,Accessories,1425.0,304.14,6
11349,2026-06-11 20:49:47.591727818,Laptop,Jaipur,C0072,1,1500,20,Electronics,1200.0,136.8,6
11350,2026-06-11 23:42:42.508338892,Laptop,Lucknow,C0363,1,1000,5,Electronics,950.0,97.13,6
11351,2026-06-12 02:35:37.424949966,Mouse,Mumbai,C0137,4,1000,10,Accessories,3600.0,701.6,6
11352,2026-06-12 05:28:32.341561040,Laptop,Delhi,C0175,1,500,10,Electronics,450.0,78.83,6
11353,2026-06-12 08:21:27.258172114,Laptop,Jaipur,C0289,4,500,10,Electronics,1800.0,385.64,6
11354,2026-06-12 11:14:22.174783188,Laptop,Bangalore,C0019,5,50000,20,Electronics,200000.0,41119.37,6
11355,2026-06-12 14:07:17.091394262,Keyboard,Bangalore,C0195,1,1500,10,Accessories,1350.0,251.49,6
11356,2026-06-12 17:00:12.008005336,Keyboard,Mumbai,C0330,5,500,15,Accessories,2125.0,526.33,6
11357,2026-06-12 19:53:06.924616410,Headphones,Jaipur,C0175,2,1000,15,Accessories,1700.0,290.21,6
11358,2026-06-12 22:46:01.841227484,Mobile,Lucknow,C0354,3,1000,20,Electronics,2400.0,238.15,6
11359,2026-06-13 01:38:56.757838558,Mouse,Bangalore,C0141,2,5000,5,Accessories,9500.0,2097.66,6
11360,2026-06-13 04:31:51.674449632,Mouse,Mumbai,C0246,3,500,0,Accessories,1500.0,184.22,6
11361,2026-06-13 07:24:46.591060706,Mouse,Jaipur,C0385,5,50000,5,Accessories,237500.0,50383.57,6
11362,2026-06-13 10:17:41.507671780,Headphones,Jaipur,C0093,4,1500,5,Accessories,5700.0,1383.44,6
11363,2026-06-13 13:10:36.424282854,Keyboard,Jaipur,C0239,4,50000,5,Accessories,190000.0,37706.5,6
11364,2026-06-13 16:03:31.340893928,Headphones,Jaipur,C0205,3,1000,5,Accessories,2850.0,516.78,6
11365,2026-06-13 18:56:26.257505002,Mouse,Jaipur,C0048,4,50000,0,Accessories,200000.0,31653.13,6
11366,2026-06-13 21:49:21.174116076,Mobile,Bangalore,C0245,5,1000,10,Electronics,4500.0,638.77,6
11367,2026-06-14 00:42:16.090727150,Laptop,Mumbai,C0320,4,1000,5,Electronics,3800.0,532.04,6
11368,2026-06-14 03:35:11.007338224,Keyboard,Jaipur,C0317,5,1000,15,Accessories,4250.0,799.78,6
11369,2026-06-14 06:28:05.923949298,Keyboard,Delhi,C0295,2,1000,20,Accessories,1600.0,332.35,6
11370,2026-06-14 09:21:00.840560372,Headphones,Delhi,C0128,5,1000,20,Accessories,4000.0,781.39,6
11371,2026-06-14 12:13:55.757171446,Keyboard,Mumbai,C0344,1,5000,15,Accessories,4250.0,483.35,6
11372,2026-06-14 15:06:50.673782520,Mouse,Lucknow,C0282,1,50000,5,Accessories,47500.0,7788.95,6
11373,2026-06-14 17:59:45.590393594,Mouse,Lucknow,C0017,1,5000,0,Accessories,5000.0,1072.89,6
11374,2026-06-14 20:52:40.507004670,Headphones,Lucknow,C0071,3,5000,10,Accessories,13500.0,2171.74,6
11375,2026-06-14 23:45:35.423615744,Mouse,Delhi,C0269,3,500,20,Accessories,1200.0,205.47,6
11376,2026-06-15 02:38:30.340226818,Mobile,Lucknow,C0325,3,500,10,Electronics,1350.0,284.98,6
11377,2026-06-15 05:31:25.256837892,Headphones,Bangalore,C0282,5,500,0,Accessories,2500.0,481.04,6
11378,2026-06-15 08:24:20.173448966,Mobile,Jaipur,C0305,3,1500,20,Electronics,3600.0,538.52,6
11379,2026-06-15 11:17:15.090060040,Laptop,Delhi,C0007,1,500,10,Electronics,450.0,104.5,6
11380,2026-06-15 14:10:10.006671114,Mobile,Mumbai,C0314,1,50000,0,Electronics,50000.0,5381.82,6
11381,2026-06-15 17:03:04.923282188,Laptop,Mumbai,C0305,5,5000,10,Electronics,22500.0,5607.85,6
11382,2026-06-15 19:55:59.839893262,Laptop,Jaipur,C0103,1,50000,5,Electronics,47500.0,4759.73,6
11383,2026-06-15 22:48:54.756504336,Mobile,Delhi,C0309,3,500,0,Electronics,1500.0,123.81,6
11384,2026-06-16 01:41:49.673115410,Headphones,Lucknow,C0193,5,1500,10,Accessories,6750.0,1561.3,6
11385,2026-06-16 04:34:44.589726484,Mouse,Lucknow,C0241,4,1500,5,Accessories,5700.0,693.36,6
11386,2026-06-16 07:27:39.506337558,Mouse,Bangalore,C0062,2,5000,5,Accessories,9500.0,1938.46,6
11387,2026-06-16 10:20:34.422948632,Laptop,Bangalore,C0017,3,50000,0,Electronics,150000.0,32680.89,6
11388,2026-06-16 13:13:29.339559706,Laptop,Lucknow,C0171,1,1000,15,Electronics,850.0,192.12,6
11389,2026-06-16 16:06:24.256170780,Headphones,Mumbai,C0025,2,50000,20,Accessories,80000.0,19885.68,6
11390,2026-06-16 18:59:19.172781854,Keyboard,Mumbai,C0251,2,500,0,Accessories,1000.0,129.99,6
11391,2026-06-16 21:52:14.089392928,Mobile,Bangalore,C0253,4,1000,5,Electronics,3800.0,762.82,6
11392,2026-06-17 00:45:09.006004002,Laptop,Jaipur,C0387,3,1500,5,Electronics,4275.0,425.87,6
11393,2026-06-17 03:38:03.922615076,Mouse,Lucknow,C0207,3,5000,0,Accessories,15000.0,2237.36,6
11394,2026-06-17 06:30:58.839226150,Headphones,Bangalore,C0029,1,5000,15,Accessories,4250.0,952.66,6
11395,2026-06-17 09:23:53.755837224,Mobile,Bangalore,C0117,5,1500,20,Electronics,6000.0,855.01,6
11396,2026-06-17 12:16:48.672448298,Headphones,Lucknow,C0282,5,500,10,Accessories,2250.0,406.09,6
11397,2026-06-17 15:09:43.589059372,Mobile,Lucknow,C0380,1,1500,0,Electronics,1500.0,248.46,6
11398,2026-06-17 18:02:38.505670446,Mobile,Mumbai,C0144,5,500,20,Electronics,2000.0,379.62,6
11399,2026-06-17 20:55:33.422281520,Laptop,Jaipur,C0025,2,1000,20,Electronics,1600.0,392.63,6
11400,2026-06-17 23:48:28.338892594,Headphones,Jaipur,C0310,5,1500,5,Accessories,7125.0,637.51,6
11401,2026-06-18 02:41:23.255503668,Headphones,Lucknow,C0156,5,500,10,Accessories,2250.0,399.54,6
11402,2026-06-18 05:34:18.172114742,Mouse,Delhi,C0073,1,1000,0,Accessories,1000.0,226.71,6
11403,2026-06-18 08:27:13.088725816,Mouse,Bangalore,C0120,4,1500,5,Accessories,5700.0,922.46,6
11404,2026-06-18 11:20:08.005336890,Laptop,Bangalore,C0312,5,5000,5,Electronics,23750.0,2217.05,6
11405,2026-06-18 14:13:02.921947964,Laptop,Lucknow,C0321,2,1500,15,Electronics,2550.0,446.99,6
11406,2026-06-18 17:05:57.838559038,Keyboard,Delhi,C0093,4,50000,20,Accessories,160000.0,21832.41,6
11407,2026-06-18 19:58:52.755170112,Mouse,Mumbai,C0086,1,1500,0,Accessories,1500.0,159.51,6
11408,2026-06-18 22:51:47.671781186,Mobile,Lucknow,C0336,4,50000,0,Electronics,200000.0,44867.17,6
11409,2026-06-19 01:44:42.588392260,Headphones,Lucknow,C0364,1,1000,0,Accessories,1000.0,168.67,6
11410,2026-06-19 04:37:37.505003334,Laptop,Bangalore,C0118,2,1500,5,Electronics,2850.0,680.17,6
11411,2026-06-19 07:30:32.421614408,Headphones,Lucknow,C0233,1,1000,15,Accessories,850.0,184.47,6
11412,2026-06-19 10:23:27.338225482,Headphones,Lucknow,C0199,2,1000,10,Accessories,1800.0,356.05,6
11413,2026-06-19 13:16:22.254836556,Keyboard,Lucknow,C0206,2,500,5,Accessories,950.0,76.81,6
11414,2026-06-19 16:09:17.171447630,Mouse,Bangalore,C0339,1,1000,10,Accessories,900.0,137.46,6
11415,2026-06-19 19:02:12.088058706,Laptop,Mumbai,C0147,3,1000,15,Electronics,2550.0,289.61,6
11416,2026-06-19 21:55:07.004669780,Headphones,Mumbai,C0271,1,1500,20,Accessories,1200.0,281.8,6
11417,2026-06-20 00:48:01.921280854,Laptop,Lucknow,C0387,2,1500,0,Electronics,3000.0,329.04,6
11418,2026-06-20 03:40:56.837891928,Mobile,Bangalore,C0139,5,5000,10,Electronics,22500.0,2894.18,6
11419,2026-06-20 06:33:51.754503002,Keyboard,Mumbai,C0181,3,500,5,Accessories,1425.0,239.2,6
11420,2026-06-20 09:26:46.671114076,Mobile,Mumbai,C0030,2,1000,10,Electronics,1800.0,224.59,6
11421,2026-06-20 12:19:41.587725150,Laptop,Mumbai,C0057,3,500,20,Electronics,1200.0,138.81,6
11422,2026-06-20 15:12:36.504336224,Laptop,Bangalore,C0232,5,50000,0,Electronics,250000.0,45461.72,6
11423,2026-06-20 18:05:31.420947298,Mouse,Bangalore,C0146,3,1000,10,Accessories,2700.0,256.82,6
11424,2026-06-20 20:58:26.337558372,Headphones,Lucknow,C0384,1,500,20,Accessories,400.0,35.96,6
11425,2026-06-20 23:51:21.254169446,Headphones,Jaipur,C0048,3,5000,5,Accessories,14250.0,2041.76,6
11426,2026-06-21 02:44:16.170780520,Mobile,Mumbai,C0194,2,5000,15,Electronics,8500.0,1721.36,6
11427,2026-06-21 05:37:11.087391594,Keyboard,Jaipur,C0224,1,1000,5,Accessories,950.0,165.6,6
11428,2026-06-21 08:30:06.004002668,Headphones,Bangalore,C0136,4,50000,0,Accessories,200000.0,30377.8,6
11429,2026-06-21 11:23:00.920613742,Mouse,Bangalore,C0022,5,5000,5,Accessories,23750.0,4184.22,6
11430,2026-06-21 14:15:55.837224816,Mobile,Bangalore,C0006,5,5000,5,Electronics,23750.0,3375.51,6
11431,2026-06-21 17:08:50.753835890,Mobile,Jaipur,C0204,3,50000,5,Electronics,142500.0,34078.14,6
11432,2026-06-21 20:01:45.670446964,Mouse,Bangalore,C0239,1,500,5,Accessories,475.0,42.43,6
11433,2026-06-21 22:54:40.587058038,Keyboard,Lucknow,C0185,4,5000,0,Accessories,20000.0,3889.53,6
11434,2026-06-22 01:47:35.503669112,Mouse,Bangalore,C0360,1,1500,20,Accessories,1200.0,277.82,6
11435,2026-06-22 04:40:30.420280186,Keyboard,Delhi,C0292,5,5000,10,Accessories,22500.0,4874.86,6
11436,2026-06-22 07:33:25.336891260,Mouse,Jaipur,C0335,1,500,15,Accessories,425.0,47.3,6
11437,2026-06-22 10:26:20.253502334,Mouse,Delhi,C0220,4,500,10,Accessories,1800.0,234.55,6
11438,2026-06-22 13:19:15.170113408,Laptop,Bangalore,C0116,3,1000,10,Electronics,2700.0,545.13,6
11439,2026-06-22 16:12:10.086724482,Mobile,Lucknow,C0313,2,1500,15,Electronics,2550.0,240.53,6
11440,2026-06-22 19:05:05.003335556,Mouse,Mumbai,C0049,1,500,0,Accessories,500.0,109.01,6
11441,2026-06-22 21:57:59.919946630,Mouse,Bangalore,C0173,2,50000,15,Accessories,85000.0,17188.21,6
11442,2026-06-23 00:50:54.836557704,Headphones,Lucknow,C0082,5,1500,0,Accessories,7500.0,1530.25,6
11443,2026-06-23 03:43:49.753168778,Mobile,Jaipur,C0322,3,1500,10,Electronics,4050.0,393.02,6
11444,2026-06-23 06:36:44.669779852,Headphones,Delhi,C0333,3,50000,0,Accessories,150000.0,30302.89,6
11445,2026-06-23 09:29:39.586390926,Mobile,Delhi,C0045,1,5000,20,Electronics,4000.0,782.28,6
11446,2026-06-23 12:22:34.503002000,Headphones,Delhi,C0335,3,50000,15,Accessories,127500.0,28210.24,6
11447,2026-06-23 15:15:29.419613074,Mouse,Jaipur,C0020,1,50000,20,Accessories,40000.0,3482.85,6
11448,2026-06-23 18:08:24.336224148,Mouse,Lucknow,C0221,1,5000,10,Accessories,4500.0,377.68,6
11449,2026-06-23 21:01:19.252835222,Laptop,Jaipur,C0123,2,5000,15,Electronics,8500.0,1219.0,6
11450,2026-06-23 23:54:14.169446296,Headphones,Delhi,C0234,3,5000,10,Accessories,13500.0,1421.47,6
11451,2026-06-24 02:47:09.086057370,Keyboard,Bangalore,C0221,1,5000,20,Accessories,4000.0,699.7,6
11452,2026-06-24 05:40:04.002668444,Laptop,Mumbai,C0323,2,5000,10,Electronics,9000.0,2123.54,6
11453,2026-06-24 08:32:58.919279518,Headphones,Jaipur,C0339,4,50000,15,Accessories,170000.0,24913.76,6
11454,2026-06-24 11:25:53.835890592,Headphones,Jaipur,C0003,2,1000,15,Accessories,1700.0,380.19,6
11455,2026-06-24 14:18:48.752501666,Laptop,Lucknow,C0182,1,1000,10,Electronics,900.0,72.04,6
11456,2026-06-24 17:11:43.669112742,Mouse,Lucknow,C0206,1,500,15,Accessories,425.0,46.18,6
11457,2026-06-24 20:04:38.585723816,Headphones,Jaipur,C0320,5,1000,15,Accessories,4250.0,361.98,6
11458,2026-06-24 22:57:33.502334890,Mouse,Delhi,C0040,5,1000,10,Accessories,4500.0,611.03,6
11459,2026-06-25 01:50:28.418945964,Laptop,Mumbai,C0059,5,50000,20,Electronics,200000.0,46878.45,6
11460,2026-06-25 04:43:23.335557038,Mouse,Lucknow,C0062,2,5000,15,Accessories,8500.0,820.1,6
11461,2026-06-25 07:36:18.252168112,Mobile,Delhi,C0132,1,5000,15,Electronics,4250.0,778.13,6
11462,2026-06-25 10:29:13.168779186,Keyboard,Bangalore,C0060,3,50000,15,Accessories,127500.0,19986.17,6
11463,2026-06-25 13:22:08.085390260,Headphones,Lucknow,C0372,2,1000,15,Accessories,1700.0,407.22,6
11464,2026-06-25 16:15:03.002001334,Keyboard,Delhi,C0331,2,50000,10,Accessories,90000.0,9074.54,6
11465,2026-06-25 19:07:57.918612408,Mouse,Delhi,C0122,1,500,20,Accessories,400.0,46.42,6
11466,2026-06-25 22:00:52.835223482,Headphones,Mumbai,C0107,4,5000,20,Accessories,16000.0,1360.35,6
11467,2026-06-26 00:53:47.751834556,Mouse,Mumbai,C0096,2,1500,0,Accessories,3000.0,461.31,6
11468,2026-06-26 03:46:42.668445630,Mobile,Bangalore,C0347,4,500,15,Electronics,1700.0,216.29,6
11469,2026-06-26 06:39:37.585056704,Laptop,Delhi,C0235,1,500,15,Electronics,425.0,96.85,6
11470,2026-06-26 09:32:32.501667778,Headphones,Delhi,C0386,5,50000,0,Accessories,250000.0,45709.98,6
11471,2026-06-26 12:25:27.418278852,Mobile,Mumbai,C0062,1,1000,20,Electronics,800.0,147.52,6
11472,2026-06-26 15:18:22.334889926,Mobile,Lucknow,C0256,4,5000,5,Electronics,19000.0,3238.07,6
11473,2026-06-26 18:11:17.251501000,Headphones,Lucknow,C0049,1,1500,5,Accessories,1425.0,136.25,6
11474,2026-06-26 21:04:12.168112074,Mouse,Jaipur,C0393,5,500,20,Accessories,2000.0,311.31,6
11475,2026-06-26 23:57:07.084723148,Mobile,Mumbai,C0348,1,1500,15,Electronics,1275.0,318.64,6
11476,2026-06-27 02:50:02.001334222,Keyboard,Jaipur,C0159,2,1000,5,Accessories,1900.0,421.78,6
11477,2026-06-27 05:42:56.917945296,Mobile,Mumbai,C0124,4,1000,10,Electronics,3600.0,834.8,6
11478,2026-06-27 08:35:51.834556370,Mouse,Bangalore,C0317,1,1500,10,Accessories,1350.0,296.93,6
11479,2026-06-27 11:28:46.751167444,Mouse,Delhi,C0207,3,5000,0,Accessories,15000.0,1462.76,6
11480,2026-06-27 14:21:41.667778518,Keyboard,Bangalore,C0048,1,1000,20,Accessories,800.0,94.93,6
11481,2026-06-27 17:14:36.584389592,Mobile,Mumbai,C0136,4,1500,20,Electronics,4800.0,386.55,6
11482,2026-06-27 20:07:31.501000666,Mouse,Delhi,C0201,5,500,5,Accessories,2375.0,312.54,6
11483,2026-06-27 23:00:26.417611740,Headphones,Lucknow,C0250,5,1500,15,Accessories,6375.0,627.7,6
11484,2026-06-28 01:53:21.334222814,Laptop,Lucknow,C0314,1,1500,20,Electronics,1200.0,192.45,6
11485,2026-06-28 04:46:16.250833888,Laptop,Jaipur,C0357,2,50000,5,Electronics,95000.0,18535.61,6
11486,2026-06-28 07:39:11.167444962,Laptop,Mumbai,C0368,2,1000,5,Electronics,1900.0,434.47,6
11487,2026-06-28 10:32:06.084056036,Mobile,Mumbai,C0318,5,5000,20,Electronics,20000.0,4147.34,6
11488,2026-06-28 13:25:01.000667110,Keyboard,Lucknow,C0295,5,5000,5,Accessories,23750.0,5689.54,6
11489,2026-06-28 16:17:55.917278184,Mouse,Bangalore,C0314,4,50000,0,Accessories,200000.0,17832.54,6
11490,2026-06-28 19:10:50.833889258,Headphones,Delhi,C0209,2,5000,0,Accessories,10000.0,820.71,6
11491,2026-06-28 22:03:45.750500332,Headphones,Bangalore,C0355,5,1500,20,Accessories,6000.0,1154.56,6
11492,2026-06-29 00:56:40.667111406,Mobile,Bangalore,C0211,2,50000,15,Electronics,85000.0,10981.14,6
11493,2026-06-29 03:49:35.583722480,Laptop,Lucknow,C0192,2,500,0,Electronics,1000.0,123.1,6
11494,2026-06-29 06:42:30.500333554,Mobile,Lucknow,C0044,1,1000,0,Electronics,1000.0,136.25,6
11495,2026-06-29 09:35:25.416944628,Keyboard,Lucknow,C0029,3,1000,20,Accessories,2400.0,302.08,6
11496,2026-06-29 12:28:20.333555702,Keyboard,Jaipur,C0059,1,1000,10,Accessories,900.0,150.25,6
11497,2026-06-29 15:21:15.250166778,Mouse,Bangalore,C0071,5,1500,5,Accessories,7125.0,1103.13,6
11498,2026-06-29 18:14:10.166777852,Mouse,Mumbai,C0092,3,500,0,Accessories,1500.0,250.67,6
11499,2026-06-29 21:07:05.083388926,Keyboard,Delhi,C0265,3,50000,10,Accessories,135000.0,26238.78,6
11500,2026-06-30 00:00:00.000000000,Keyboard,Jaipur,C0383,5,50000,15,Accessories,212500.0,30985.09,6
